三包流水号,总部制造发运时间,总部审核处置时间,分公司审核提交时间,补充调查时间,分公司现场调查时间,发运时间,全周期统计时间,提出部门,客户名称
MAZ25-4110,4.02,0.98,0.28,2.28,,2025/12/19 16:00,7.56,三亚分公司,三亚市正扬新材料有限公司
MAZ25-4212,1.01,0.1,0.53,0,,2025/12/19 16:00,1.64,三亚分公司,三亚汇鑫小额贷款有限责任公司
MAZ25-4161,5.23,0.09,-0.36,0,,2025/12/22 16:00,4.96,上海分公司,上海市高级人民法院
MBY25-3876,4.99,0.06,0,0,,2025/12/1 16:00,5.05,上海分公司,上海俞新房地产开发有限公司
MBY25-4065,1.14,3.16,0,0,,2025/12/12 16:00,4.3,上海分公司,中外合资上海兴生房地产实业有限公司
MAZ25-3415,3.03,3.19,0,32.99,,2025/12/16 16:00,39.21,上海分公司,上海龙旗智能科技有限公司
MBY25-3928,3,0.07,0.01,0,,2025/12/3 16:00,3.08,上海分公司,上海撼崴物业管理有限公司
MAZ25-3980,2.13,0.07,0.02,0,,2025/12/4 16:00,2.22,上海分公司,上海市高级人民法院
MAZ25-4257,0.22,0.91,0.04,0.07,,2025/12/24 16:00,1.24,上海分公司,上海龙旗智能科技有限公司
MAZ25-4244,2.16,0.03,0.06,0,,2025/12/24 16:00,2.25,上海分公司,上海复欣物业管理发展有限公司
MBY25-3999,1.09,0.07,0.1,0,,2025/12/4 16:00,1.26,上海分公司,上海复申机电设备有限公司
MAZ25-4049,1.06,0.91,0.1,0,,2025/12/9 16:00,2.07,上海分公司,浙江舜杰建筑集团股份有限公司
MAZ25-4242,1.25,0.06,0.36,0,,2025/12/23 16:00,1.67,上海分公司,上海宝苑华盈房地产有限公司
MAZ25-4150,6.09,0.22,0.37,0,,2025/12/22 16:00,6.68,上海分公司,上海新世界股份有限公司
MAZ25-3735,6.31,2.91,0.39,1.1,,2025/11/28 16:00,10.71,上海分公司,上海金桥出口加工区南区开发建设有限
MAZ25-3813,7.28,0.04,0.43,0,,2025/11/28 16:00,7.75,上海分公司,上海临港新片区金港东九置业有限公司
MAZ25-3896,2.08,0.12,0.62,3.12,,2025/12/3 16:00,5.94,上海分公司,上海宝苑华盈房地产有限公司
MAZ25-3840,4.3,0.67,10.9,0.13,,2025/12/12 16:00,16,上海分公司,浙江舜杰建筑集团股份有限公司
MAZ25-3995,5.2,3.03,2.02,1.06,,2025/12/18 16:00,11.31,上海分公司,上海卫菱电梯工程有限公司
MAZ25-4180,1.31,0.66,2.31,0.03,,2025/12/22 16:00,4.31,上海分公司,上海万科物业服务有限公司
MAZ25-3251,1.2,0.89,29.44,2.15,,2025/11/28 16:00,33.68,上海分公司,上海金桥（集团）有限公司
MAZ25-4133,0.15,5.05,0,0,,2025/12/18 16:00,5.2,东莞分公司,广东冠菱机电工程有限公司
MAZ25-4151,6.12,0.14,0.03,0,,2025/12/22 16:00,6.29,东莞分公司,中国建筑第五工程局有限公司
MAZ25-4075,4.1,2.99,0.1,0,,2025/12/17 16:00,7.19,东莞分公司,余安东5003****0015
MAZ25-4115,5.25,0.01,0.68,2.99,,2025/12/22 16:00,8.93,东莞分公司,东莞市盛和置业有限公司
MAZ25-4116,2.32,1.58,0,0,,2025/12/15 16:00,3.9,中山分公司,中山市金乐房地产开发有限公司
MAZ25-4114,0.14,0.86,0.01,0,,2025/12/10 16:00,1.01,中山分公司,广东菱电电梯有限公司
MAZ25-4213,4.25,0.03,0,0,,2025/12/24 16:00,4.28,乐山分公司,眉山药科职业学院
MBY25-4077,1.09,0.19,0,1.81,,2025/12/11 16:00,3.09,乐山分公司,乐山余峰酒店管理有限公司
MBY25-4227,0.28,0.67,0,0,,2025/12/19 16:00,0.95,乐山分公司,乐山余峰酒店管理有限公司
MBY25-3927,4.33,0.75,0,0,,2025/12/4 16:00,5.08,佛山分公司,佛山市海业投资发展有限公司
MAZ25-4228,3.24,0.02,0,0,,2025/12/24 16:00,3.26,内蒙古分公司,辽宁岍易电梯有限公司
MAZ25-4079,11.14,1.08,0,0,,2025/12/24 16:00,12.22,内蒙古分公司,内蒙古兴原电梯销售有限公司
MAZ25-4031,6.02,0.03,0,0,,2025/12/12 16:00,6.05,北京分公司,北京金程瑞菱电梯有限公司
MBY25-4219,0.07,0.05,0,0,,2025/12/18 16:00,0.12,北京分公司,人民大会堂管理局
MBY25-4003,1.15,0.05,0,0,,2025/12/4 16:00,1.2,北京分公司,北京兴嘉建设工程有限公司
MBY25-4000,1.15,0.05,0,0.04,,2025/12/4 16:00,1.24,北京分公司,北京联茂方泰房地产开发有限公司
MAZ25-4138,0,0.05,0,6.98,,2025/12/22 16:00,7.03,北京分公司,北京中豪机电设备工程有限公司
MAZ25-3871,4.07,0.06,0,0,,2025/11/28 16:00,4.13,北京分公司,北京莱茵西奥电梯有限公司
MAZ25-4155,4.14,0.06,0,0,,2025/12/18 16:00,4.2,北京分公司,广东菱电电梯有限公司
MAZ25-4183,3.04,0.07,0,2.1,,2025/12/23 16:00,5.21,北京分公司,北京中豪机电设备工程有限公司
MAZ25-3855,7.02,0.08,0,0,,2025/12/2 16:00,7.1,北京分公司,北京国药天元物业管理有限公司
MAZ25-3846,5.3,0.67,0,0,,2025/11/28 16:00,5.97,北京分公司,北京中豪机电设备工程有限公司
MBY25-4188,0.3,0.69,0,0,,2025/12/17 16:00,0.99,北京分公司,人民大会堂管理局
MAZ25-4104,2.33,0.72,0,4.2,,2025/12/18 16:00,7.25,北京分公司,北京中豪机电设备工程有限公司
MBY25-3929,1.23,0.78,0,0,,2025/12/1 16:00,2.01,北京分公司,北京联茂方泰房地产开发有限公司
MAZ25-4033,0.32,0.78,0,0.91,,2025/12/8 16:00,2.01,北京分公司,北京中豪机电设备工程有限公司
MBY25-4082,2.19,2.1,0.06,0.85,,2025/12/15 16:00,5.2,北京分公司,北京联茂方泰房地产开发有限公司
MBY25-4045,2.02,0.22,0.11,3.86,,2025/12/15 16:00,6.21,北京分公司,北京联茂方泰房地产开发有限公司
MBY25-4061,0.99,0.15,0,0.81,,2025/12/9 16:00,1.95,南通分公司,南通铭菱电梯安装有限公司
MBY25-4223,1.1,0.09,0.17,1.65,,2025/12/23 16:00,3.01,南通分公司,南通铭菱电梯安装有限公司
MAZ25-4043,2.01,0.02,0,0.19,,2025/12/9 16:00,2.22,厦门分公司,中建一局集团东南建设有限公司
MAZ25-4011,6.07,0.02,0,0.94,,2025/12/12 16:00,7.03,厦门分公司,厦门御宾物业服务有限公司
MAZ25-3982,1.12,0.06,0,0,,2025/12/3 16:00,1.18,厦门分公司,中建一局集团东南建设有限公司
MAZ25-3981,5.12,0.07,0,0,,2025/12/9 16:00,5.19,厦门分公司,中建一局集团东南建设有限公司
MAZ25-4234,0.28,0.78,0,0,,2025/12/22 16:00,1.06,厦门分公司,漳州市致景房地产开发有限公司
MAZ25-4029,2.21,0.01,0.01,0,,2025/12/8 16:00,2.23,厦门分公司,漳州市励欧房地产开发有限公司
MAZ25-4052,4.13,0.13,0.01,0.73,,2025/12/12 16:00,5,厦门分公司,厦门御宾物业服务有限公司
MAZ25-3987,8.33,0.63,0,1.08,,2025/12/16 16:00,10.04,台州分公司,鑫泰酒店开发（温岭）有限公司
MBY25-3962,1.29,0.75,0,0,,2025/12/3 16:00,2.04,台州分公司,天颂建设集团有限公司台州湾新区分公
MBY25-4269,0.02,0.98,0,0,,2025/12/25 16:00,1,台州分公司,国强建设集团有限公司
MBY25-3964,0.98,0.03,0.03,0,,2025/12/2 16:00,1.04,台州分公司,台州黄岩方远嘉誉置业有限公司
MBY25-3951,3.99,0.02,0,2.26,,2025/12/9 16:00,6.27,吉林分公司,吉林市恒阳大饭店有限责任公司
MBY25-4258,1.26,0.78,0,0,,2025/12/25 16:00,2.04,吉林分公司,溧阳市飞达电梯安装工程有限公司
MBY25-4027,6.07,0.02,0,0.17,,2025/12/12 16:00,6.26,嘉兴分公司,嘉兴市地方税务局
MBY25-4001,1.18,0.03,0,0,,2025/12/4 16:00,1.21,嘉兴分公司,湖州菱奥电梯有限公司
MBY25-3961,1.99,0.03,0,0.07,,2025/12/3 16:00,2.09,嘉兴分公司,嘉兴市地方税务局
MAZ25-4038,1.25,0.05,0,0,,2025/12/8 16:00,1.3,嘉兴分公司,振石集团巨成置业有限公司
MBY25-4078,1.02,0.21,0,0,,2025/12/9 16:00,1.23,嘉兴分公司,浙江恒力建设有限公司
MAZ25-3920,1.12,0.11,0.01,0,,2025/11/28 16:00,1.24,嘉兴分公司,浙江凯通商业管理有限公司
MAZ25-3984,2.02,0.04,0.03,0,,2025/12/4 16:00,2.09,嘉兴分公司,嘉兴市天南电梯有限公司
MBY25-4010,10.98,0.08,0,0,,2025/12/18 16:00,11.06,四川分公司,四川智菱机电设备安装有限公司
MAZ25-4186,0.03,0.97,0,0,,2025/12/17 16:00,1,天津分公司,天津御龙机电工程有限公司
MAZ25-3703,10.2,1.85,0.01,0,,2025/11/28 16:00,12.06,天津分公司,天津市瑞鑫机电工程技术有限公司
MAZ25-4005,2.33,0.71,0.05,0,,2025/12/8 16:00,3.09,天津分公司,天津市瑞鑫机电工程技术有限公司
MBY25-4247,2.22,0.84,0.02,0,,2025/12/25 16:00,3.08,宁波分公司,得力房地产有限公司
MBY25-4030,2.06,0.99,0.06,0,,2025/12/9 16:00,3.11,宁波分公司,得力房地产有限公司
MAZ25-4179,5.32,0.77,0.1,1.14,,2025/12/25 16:00,7.33,宁波分公司,浙江中奥电梯有限公司
MBY25-3959,5.98,0.01,0.11,0,,2025/12/9 16:00,6.1,宁波分公司,得力房地产有限公司
MAZ25-3883,5.03,0.22,0.7,0,,2025/12/2 16:00,5.95,宁波分公司,宁波华懋设备安装有限公司
MBY25-3903,2.06,0.2,0,0,,2025/11/28 16:00,2.26,宜昌分公司,宜昌菱重电梯有限公司
MBY25-4135,4.01,0.08,0.01,0,,2025/12/17 16:00,4.1,山东分公司,山东融翔产业投资有限公司
MAZ25-4152,2.19,0.03,0.02,0,,2025/12/16 16:00,2.24,山东分公司,山东高速德建建筑科技股份有限公司
MAZ25-4076,3.27,2.96,0.03,0,,2025/12/16 16:00,6.26,山东分公司,山东融翔产业投资有限公司
MAZ25-3963,5.26,0.03,0.81,2.94,,2025/12/12 16:00,9.04,山东分公司,山东诚隆机电设备有限公司
MAZ25-3884,1.12,2.17,0,10.53,,2025/12/12 16:00,13.82,山西分公司,山西兴申三菱电梯销售安装有限公司
MAZ25-4267,-0.02,0.22,0.01,0,,2025/12/24 16:00,0.21,常州分公司,溧阳华创电梯有限公司
MAZ25-3811,6.29,0.91,0.64,0,,2025/11/28 16:00,7.84,常州分公司,江苏百都上海三菱电梯特约销售有限公
MAZ25-4050,3,1,0,0.03,,2025/12/11 16:00,4.03,常德分公司,奥峰电梯有限公司
MAZ25-4168,1.19,0.02,0,0,,2025/12/16 16:00,1.21,广东分公司,广东中远电梯工程有限公司
MAZ25-4118,0.29,0.69,0,2.28,,2025/12/15 16:00,3.26,广东分公司,广州市永恒电梯有限公司
MBY25-4070,4.04,0.2,0.01,0,,2025/12/12 16:00,4.25,广东分公司,上海恒翔电梯工程有限公司
MAZ25-3767,0.25,2.68,0.03,9.1,,2025/12/3 16:00,12.06,广东分公司,广州正菱电梯销售服务有限公司
MAZ25-3768,1.01,2.92,0.03,16.11,,2025/12/15 16:00,20.07,广东分公司,广州正菱电梯销售服务有限公司
MBY25-4095,0.21,0.75,0.04,0,,2025/12/9 16:00,1,广东分公司,广州申菱电梯工程有限公司
MAZ25-4147,5.29,0.69,0.69,0.29,,2025/12/22 16:00,6.96,广东分公司,广州市永恒电梯有限公司
MAZ25-4144,7.05,0.2,0.73,0,,2025/12/23 16:00,7.98,广东分公司,广州市永恒电梯有限公司
MBY25-4128,2.02,0.92,0,0,,2025/12/15 16:00,2.94,广西分公司,深圳领潮供应链管理有限公司
MBY25-3942,1.19,0.76,0.01,0,,2025/12/2 16:00,1.96,惠州分公司,惠州市世纪华廷置地有限公司
MAZ25-4032,2.25,0.06,0.04,0.66,,2025/12/9 16:00,3.01,惠州分公司,广东省林润时代城有限公司
MAZ25-3755,3.23,0.98,0.07,1.91,,2025/11/26 16:00,6.19,惠州分公司,惠州市智慧城市建筑产业有限公司
MAZ25-4239,0.26,0.63,0.07,0,,2025/12/22 16:00,0.96,新疆分公司,乌鲁木齐康尼楼宇设备有限公司
MAZ25-3915,1.21,0.74,0.07,0.97,,2025/12/1 16:00,2.99,新疆分公司,乌鲁木齐康尼楼宇设备有限公司
MAZ25-3907,3.02,0.03,0.11,5.98,,2025/12/9 16:00,9.14,新疆分公司,新疆星奥电梯有限公司
MAZ25-4207,3.2,0.01,0.81,0,,2025/12/23 16:00,4.02,无锡分公司,无锡捷密电梯科技有限公司
MAZ25-4162,5.24,-0.3,-1,0,,2025/12/22 16:00,3.94,汕头分公司,广州市永恒电梯有限公司
MBY25-3979,0.13,0.11,0,0,,2025/12/2 16:00,0.24,汕头分公司,汕头市中冠房地产开发有限公司
MAZ25-3916,4.31,0.69,0,0,,2025/12/3 16:00,5,汕头分公司,广东菱越电梯有限公司
MBY25-3989,2.22,0.84,0,13.91,,2025/12/25 16:00,16.97,汕头分公司,广东中玺科技有限公司
MAZ25-4159,2.14,0.08,-0.11,0.09,,2025/12/17 16:00,2.2,江苏分公司,江苏海菱机电设备工程有限公司
MBY25-3965,4.99,0.02,0,0,,2025/12/8 16:00,5.01,江苏分公司,扬州中菱电梯安装有限公司
MAZ25-3680,4.27,0.69,0,13.12,,2025/12/4 16:00,18.08,江苏分公司,南京世茂新领航置业有限公司
MAZ25-3904,8.99,0.02,0.01,5.24,,2025/12/16 16:00,14.26,江苏分公司,江苏东石机电工程有限公司
MAZ25-4198,0.1,0.17,0.01,0,,2025/12/17 16:00,0.28,江苏分公司,江苏万恒机电有限公司
MBY25-3878,1.24,1.01,0.01,2.72,,2025/12/1 16:00,4.98,江苏分公司,江苏海菱机电设备工程有限公司
MAZ25-4233,1.11,0.99,0.07,0,,2025/12/23 16:00,2.17,江苏分公司,江苏中梯联电梯工程有限公司
MAZ25-4046,1.32,0.73,0.16,0,,2025/12/9 16:00,2.21,江苏分公司,扬州宏新房地产开发有限公司
MAZ25-4037,2.23,0.08,0.55,0,,2025/12/9 16:00,2.86,江苏分公司,江苏万恒机电有限公司
MBY25-4172,5.02,0.02,0,0,,2025/12/22 16:00,5.04,江西分公司,江西亚菱电梯有限公司
MAZ25-4187,0.3,0.69,0,0,,2025/12/17 16:00,0.99,江西分公司,江西省上海三菱电梯特约销售安装有限
MAZ25-3865,13,0.03,0,7.19,,2025/12/22 16:00,20.22,沧州分公司,河北乐恒节能设备有限公司
MAZ25-3787,8.07,2.18,0,0,,2025/12/2 16:00,10.25,河北分公司,张家口寰慧房地产开发有限公司
MAZ25-3785,6.04,3.22,0,0,,2025/12/1 16:00,9.26,河北分公司,张家口寰慧房地产开发有限公司
MBY25-4024,5.15,0.06,0.1,0,,2025/12/11 16:00,5.31,河北分公司,河北安迅电梯设备有限公司
MBY25-3600,5.01,0.15,0.14,14.95,,2025/12/2 16:00,20.25,河北分公司,中冶建工集团有限公司
MAZ25-3954,6.26,0.02,0,1.95,,2025/12/11 16:00,8.23,河南分公司,中建八局（山东）供应链科技有限公司
MAZ25-4166,1.03,0.24,0,0,,2025/12/16 16:00,1.27,河南分公司,中建八局（山东）供应链科技有限公司
MBY25-3912,5.31,0.75,0,0,,2025/12/4 16:00,6.06,泉州分公司,泉州市荣誉实业投资有限公司
MAZ25-4094,4,0.04,0,0,,2025/12/12 16:00,4.04,浙江分公司,浙江嘉菱电梯有限公司
MAZ25-4139,1.01,0.05,0,0,,2025/12/12 16:00,1.06,浙江分公司,浙江省建工集团有限责任公司
MBY25-3939,1.06,0.05,0,0,,2025/12/1 16:00,1.11,浙江分公司,微医云智（杭州）实业有限公司
MAZ25-4092,4,0.06,0,0,,2025/12/12 16:00,4.06,浙江分公司,杭州元奥电梯有限公司
MAZ25-4093,4,0.06,0,0,,2025/12/12 16:00,4.06,浙江分公司,浙江嘉菱电梯有限公司
MAZ25-4149,0.14,0.07,0,0,0.62,2025/12/12 16:00,0.83,浙江分公司,浙江宝业供应链管理有限公司
MBY25-4255,2.22,0.07,0,0,,2025/12/25 16:00,2.29,浙江分公司,杭州友孚机电设备有限公司
MAZ25-4091,4,0.07,0,0,,2025/12/12 16:00,4.07,浙江分公司,杭州市上城区天运花园第六届业主委员
MAZ25-4009,4,0.08,0,0,,2025/12/9 16:00,4.08,浙江分公司,微医云智（杭州）实业有限公司
MAZ25-4103,2.19,0.09,0,0,,2025/12/11 16:00,2.28,浙江分公司,浙江宝业供应链管理有限公司
MAZ25-4081,1.04,0.17,0,0,,2025/12/9 16:00,1.21,浙江分公司,杭州海威奥城置业有限公司
MAZ25-4085,1,0.2,0,0,,2025/12/9 16:00,1.2,浙江分公司,杭州海威奥城置业有限公司
MAZ25-3952,6.08,0.2,0,0,,2025/12/9 16:00,6.28,浙江分公司,杭州众安电梯有限公司
MAZ25-4214,4.05,0.23,0,0,,2025/12/24 16:00,4.28,浙江分公司,杭州绿城房地产开发有限公司
MBY25-4129,4.01,0.28,0,0,,2025/12/17 16:00,4.29,浙江分公司,杭州冠泰机电设备有限公司
MAZ25-4051,4.32,0.74,0,0,,2025/12/12 16:00,5.06,浙江分公司,杭州众安电梯有限公司
MAZ25-4048,4.32,0.75,0,0,,2025/12/12 16:00,5.07,浙江分公司,杭州绿园房地产开发有限公司
MAZ25-4090,0.33,0.76,0,0,,2025/12/9 16:00,1.09,浙江分公司,浙江省建工集团有限责任公司
MAZ25-4088,4,0.07,0.01,0,,2025/12/12 16:00,4.08,浙江分公司,杭州众安电梯有限公司
MAZ25-4102,3.15,0.14,0.01,0,,2025/12/12 16:00,3.3,浙江分公司,浙江嘉菱电梯有限公司
MAZ25-3802,1.33,0.77,0.01,0,,2025/11/26 16:00,2.11,浙江分公司,杭州元奥电梯有限公司
MAZ25-3874,5.05,1.1,0.01,0.92,,2025/12/3 16:00,7.08,浙江分公司,杭州元奥电梯有限公司
MAZ25-3711,11.24,0.67,0.02,0,,2025/11/28 16:00,11.93,浙江分公司,绍兴市通立电梯销售有限公司
MBY25-3725,0.27,0.02,0.04,7.65,,2025/11/26 16:00,7.98,浙江分公司,殷隆置业（杭州）有限公司
MBY25-4280,0.27,0.03,0.36,0,,2025/12/25 16:00,0.66,浙江分公司,杭州友孚机电设备有限公司
MAZ25-3975,0.13,0.17,0.54,0,,2025/12/2 16:00,0.84,浙江分公司,杭州众安电梯有限公司
MBY25-3991,1.08,0.03,0.59,0.18,,2025/12/4 16:00,1.88,浙江分公司,杭州友孚机电设备有限公司
MBY25-3992,1.18,0.06,0.59,0.07,,2025/12/4 16:00,1.9,浙江分公司,杭州西映电气有限公司
MBY25-4098,0.21,0.09,0.64,0,,2025/12/9 16:00,0.94,浙江分公司,杭州滨景房地产开发有限公司
MAZ25-3905,4.22,0.01,0,0,,2025/12/2 16:00,4.23,深圳分公司,深圳市建筑工务署文体和水务工程管理
MAZ25-4072,4.26,0.01,0,0,,2025/12/12 16:00,4.27,深圳分公司,深圳市舒达电梯工程有限公司
MBY25-4002,4.19,0.02,0,0,,2025/12/9 16:00,4.21,深圳分公司,深圳天安云城投资发展有限公司
MAZ25-3816,5.11,0.02,0,11.18,,2025/12/11 16:00,16.31,深圳分公司,中海物业管理有限公司逸翠园管理处
MBY25-3720,2.25,0.02,0,8.96,,2025/11/28 16:00,11.23,深圳分公司,深圳市百年春投资发展有限公司
MBY25-4287,0.22,0.03,0,0,,2025/12/25 16:00,0.25,深圳分公司,深圳市业诚机电设备有限公司
MAZ25-4108,2.19,0.03,0,0,,2025/12/11 16:00,2.22,深圳分公司,深圳市俊峰实业发展有限公司
MBY25-3934,1.24,0.04,0,0,,2025/12/1 16:00,1.28,深圳分公司,深圳市舒达电梯工程有限公司
MBY25-4041,11.22,0.05,0,0,,2025/12/22 16:00,11.27,深圳分公司,深圳深汕特别合作区深投控投资发展有
MBY25-4040,5.23,0.05,0,0,,2025/12/12 16:00,5.28,深圳分公司,深圳深汕特别合作区深投控投资发展有
MBY25-4232,0.13,0.06,0,0,,2025/12/19 16:00,0.19,深圳分公司,创维集团有限公司深圳分公司
MBY25-3935,3.15,0.06,0,0.03,,2025/12/3 16:00,3.24,深圳分公司,深圳市前海建设投资控股集团有限公司
MBY25-4039,4.23,0.07,0,0,,2025/12/11 16:00,4.3,深圳分公司,广东省深圳市盐田区东埔海景花园B区业
MAZ25-4130,0.24,0.07,0,1.99,,2025/12/15 16:00,2.3,深圳分公司,深圳市舒达电梯工程有限公司
MBY25-4136,1.01,0.08,0,0,,2025/12/12 16:00,1.09,深圳分公司,深圳百仕达物业管理有限公司红树西岸
MAZ25-4008,0.99,0.09,0,0,,2025/12/4 16:00,1.08,深圳分公司,深圳市鸿荣源实业有限公司
MBY25-4203,3.1,0.09,0,0,,2025/12/22 16:00,3.19,深圳分公司,深圳碧桂园盛孚物业服务有限公司
MBY25-3922,1.12,0.1,0,0,,2025/11/28 16:00,1.22,深圳分公司,深圳市前海建设投资控股集团有限公司
MAZ25-4026,3.19,0.1,0,0,,2025/12/9 16:00,3.29,深圳分公司,深圳市岗宏集团有限公司
MBY25-4231,0.14,0.11,0,0,,2025/12/19 16:00,0.25,深圳分公司,华润（深圳）有限公司
MBY25-4205,0.99,0.11,0,0,,2025/12/18 16:00,1.1,深圳分公司,深圳市东部物业管理有限公司
MBY25-4206,3.98,0.11,0,0,,2025/12/23 16:00,4.09,深圳分公司,深圳市城建产业园发展有限公司
MBY25-3957,1.08,0.13,0,0,,2025/12/2 16:00,1.21,深圳分公司,深圳市万科物业服务有限公司黄埔雅苑
MBY25-3970,8.13,0.13,0,0.69,,2025/12/12 16:00,8.95,深圳分公司,深圳市宏发物业服务有限公司宏发领域
MAZ25-3978,4.14,0.15,0,0,,2025/12/8 16:00,4.29,深圳分公司,东莞市上菱电梯有限公司
MAZ25-3899,5.04,0.16,0,0.1,,2025/12/3 16:00,5.3,深圳分公司,深圳市亿民兴物业管理有限公司
MBY25-3902,4.06,0.21,0,0,,2025/12/2 16:00,4.27,深圳分公司,深圳市城龙房地产开发有限公司
MBY25-3900,4.07,0.22,0,0,,2025/12/2 16:00,4.29,深圳分公司,深圳市华通电梯实业有限公司
MAZ25-4217,0.01,0.23,0,0,,2025/12/18 16:00,0.24,深圳分公司,深圳市城建产业园发展有限公司
MAZ25-3996,1.04,0.25,0,0,,2025/12/4 16:00,1.29,深圳分公司,深圳华业物业管理有限公司
MAZ25-3882,1.99,0.27,0,1.7,,2025/11/28 16:00,3.96,深圳分公司,中华人民共和国深圳海关
MAZ25-3950,0.99,0.31,0,0,,2025/12/2 16:00,1.3,深圳分公司,深圳市榕江实业有限公司
MAZ25-3990,0.29,0.66,0,0,,2025/12/3 16:00,0.95,深圳分公司,深圳市舒达电梯工程有限公司
MBY25-4174,0.32,0.66,0,0,,2025/12/16 16:00,0.98,深圳分公司,招商南光电梯科技（深圳）有限公司
MBY25-4057,1.3,0.68,0,0,,2025/12/9 16:00,1.98,深圳分公司,深圳中电蓝海控股有限公司
MBY25-3850,8.24,0.72,0,0,,2025/12/3 16:00,8.96,深圳分公司,深圳市蓝湾房地产开发有限公司
MBY25-4124,0.23,0.74,0,0,,2025/12/11 16:00,0.97,深圳分公司,华润置地城市运营管理（深圳）有限公
MBY25-4013,2.22,0.76,0,0,,2025/12/8 16:00,2.98,深圳分公司,深圳市舒达电梯工程有限公司
MBY25-4125,4.21,0.76,0,0,,2025/12/17 16:00,4.97,深圳分公司,华润置地城市运营管理（深圳）有限公
MBY25-4173,4.19,0.79,0,0,,2025/12/22 16:00,4.98,深圳分公司,深圳百仕达物业管理有限公司
MBY25-4127,1.15,0.8,0,0,,2025/12/12 16:00,1.95,深圳分公司,广州申菱电梯工程有限公司
MAZ25-3969,2.14,0.83,0,0,,2025/12/4 16:00,2.97,深圳分公司,深圳市深福保物业发展有限公司
MBY25-3968,5.14,0.83,0,0,,2025/12/9 16:00,5.97,深圳分公司,深圳百仕达物业管理有限公司
MAZ25-4178,1.08,0.86,0,0,,2025/12/17 16:00,1.94,深圳分公司,深圳市农科物业管理有限公司
MAZ25-4177,1.08,0.86,0,0,,2025/12/17 16:00,1.94,深圳分公司,深圳市舒达电梯工程有限公司
MBY25-3921,2.33,0.9,0,0,,2025/12/2 16:00,3.23,深圳分公司,深圳市百年春投资发展有限公司
MBY25-4063,1.03,0.91,0,0,,2025/12/9 16:00,1.94,深圳分公司,深圳市深福保物业发展有限公司
MBY25-4106,2.28,0.91,0,0.07,,2025/12/12 16:00,3.26,深圳分公司,深圳富顺电子商务有限公司
MAZ25-3585,6.3,0.97,0,11.84,,2025/11/28 16:00,19.11,深圳分公司,深圳市金稻田物业管理有限公司
MAZ25-4200,0.26,1,0,0,,2025/12/18 16:00,1.26,深圳分公司,深圳华业物业管理有限公司
MAZ25-3880,1.21,1.05,0,1.7,,2025/11/28 16:00,3.96,深圳分公司,中华人民共和国深圳海关
MBY25-3776,9.18,1.77,0,0,,2025/12/2 16:00,10.95,深圳分公司,深圳市前海建设投资控股集团有限公司
MAZ25-3783,6.31,1.98,0,0,,2025/11/28 16:00,8.29,深圳分公司,深圳市岗宏集团有限公司
MAZ25-3909,3.14,2.84,0,0.13,,2025/12/4 16:00,6.11,深圳分公司,深圳市金稻田物业管理有限公司
MAZ25-3699,10.07,3.14,0,0,,2025/12/1 16:00,13.21,深圳分公司,深圳市高发物业管理服务有限公司
MAZ25-4216,0.98,0,0.01,0.26,,2025/12/19 16:00,1.25,深圳分公司,深圳市城建产业园发展有限公司
MAZ25-4192,3.07,0.12,0.01,1.1,,2025/12/23 16:00,4.3,深圳分公司,深圳市艺菱机电设备有限公司
MBY25-4015,3.23,0.74,0.01,0,,2025/12/9 16:00,3.98,深圳分公司,深圳市舒达电梯工程有限公司
MBY25-3805,8.11,0.2,0.66,2,,2025/12/3 16:00,10.97,深圳分公司,深圳市前海建设投资控股集团有限公司
MAZ25-3841,6.23,0.07,0.69,0,,2025/12/1 16:00,6.99,深圳分公司,深圳市吉达电梯工程有限公司
MBY25-3932,1.21,0.05,0.7,0,,2025/12/1 16:00,1.96,深圳分公司,深圳市赋景科贸有限公司
MBY25-3930,1.21,0.05,0.71,0,,2025/12/1 16:00,1.97,深圳分公司,深圳市舒达电梯工程有限公司
MBY25-4148,2.14,0.79,1.02,0,,2025/12/17 16:00,3.95,深圳分公司,华润（深圳）有限公司
MAZ25-4262,0.23,0.69,1.03,0,,2025/12/25 16:00,1.95,深圳分公司,中海物业管理有限公司逸翠园管理处
MBY25-4084,1.01,2.15,1.04,0,,2025/12/12 16:00,4.2,深圳分公司,深圳市鼎宏投资发展有限公司
MAZ25-4074,1.19,0.06,0,0,,2025/12/9 16:00,1.25,温州分公司,温州市鹿城区时代海景嘉园第三届业主
MAZ25-3938,2.32,0.65,0.01,0.14,,2025/12/3 16:00,3.12,温州分公司,温州市鹿城区时代海景嘉园第三届业主
MBY25-3859,2.27,0.03,0.02,2.71,,2025/11/28 16:00,5.03,湖北分公司,武汉市世界城置业有限公司
MAZ25-4163,4.19,0.1,0,0.98,,2025/12/22 16:00,5.27,湖南分公司,长沙市锦菱电梯有限公司
MAZ25-4083,3.31,0.88,0,0,,2025/12/12 16:00,4.19,湖南分公司,长沙市锦菱电梯有限公司
MBY25-4157,0.26,0.71,0.01,0,,2025/12/15 16:00,0.98,湖南分公司,湖南速通电梯有限公司
MAZ25-4120,5.24,0.03,0.03,0,,2025/12/22 16:00,5.3,湖南分公司,长沙市锦菱电梯有限公司
MAZ25-4028,8.02,0.06,0.15,0,,2025/12/16 16:00,8.23,湖南分公司,长沙市锦菱电梯有限公司
MAZ25-4022,9.23,0.05,0.49,0,,2025/12/17 16:00,9.77,湖南分公司,长沙市锦菱电梯有限公司
MBY25-3863,1.18,1.11,0.15,2.7,,2025/12/1 16:00,5.14,潍坊分公司,山东菱业电梯有限公司
MBY25-3869,5.12,1.87,0.15,0,,2025/12/3 16:00,7.14,潍坊分公司,山东菱业电梯有限公司
MAZ25-3925,0.33,0.77,0.01,0,,2025/11/28 16:00,1.11,珠海分公司,珠海市澳富机电工程有限公司
MBY25-4137,2,0.02,0,0,,2025/12/15 16:00,2.02,甘肃分公司,甘肃润通恒达机电设备有限公司
MBY25-4060,1.09,0.85,0,0,,2025/12/9 16:00,1.94,福建分公司,福州富源升机电设备有限公司
MAZ25-3746,2.08,0.14,0.01,22.72,,2025/12/19 16:00,24.95,福建分公司,福建西海岸建筑设计院有限公司
MAZ25-4087,1,0.17,0.01,0,,2025/12/9 16:00,1.18,福建分公司,福州国力机电工程有限公司
MAZ25-3825,6.25,0.04,0.63,0,,2025/11/28 16:00,6.92,福建分公司,福州国力机电工程有限公司
MBY25-3923,1.19,0.81,0,0.21,,2025/12/1 16:00,2.21,粤西分公司,广东建投置业发展有限公司
MBY25-3807,4.21,0.79,0.02,6.92,,2025/12/4 16:00,11.94,粤西分公司,广东华熹建设集团有限公司
MBY25-4204,3.13,0.04,1.03,0,,2025/12/23 16:00,4.2,粤西分公司,茂名富晟投资有限公司
MBY25-4012,1.19,-0.37,1.05,1.09,,2025/12/9 16:00,2.96,粤西分公司,中建三局集团华南有限公司
MBY25-4014,2.06,0.86,1.06,0,,2025/12/9 16:00,3.98,粤西分公司,茂名飞鹏投资有限公司
MAZ25-3945,6.13,1.06,-0.98,3.76,,2025/12/16 16:00,9.97,苏州分公司,苏州环企投资发展有限公司
MAZ25-3747,9.11,0.19,-1,0.77,,2025/12/1 16:00,9.07,苏州分公司,苏州环企投资发展有限公司
MAZ25-3911,4.06,0.01,0,0,,2025/12/2 16:00,4.07,苏州分公司,苏州工业园区福马经济发展有限公司
MBY25-3973,0.13,0.73,0,0,,2025/12/2 16:00,0.86,苏州分公司,苏州环企投资发展有限公司
MBY25-3919,1.33,0.89,0.01,0,,2025/12/1 16:00,2.23,菏泽分公司,单县利诚置地有限公司
MBY25-4023,0.2,0.08,0.48,0,,2025/12/4 16:00,0.76,贵州分公司,新华阁小区业主委员会
MBY25-3914,3.04,0.15,0.75,2.09,,2025/12/4 16:00,6.03,赣州分公司,江西广菱机电设备有限公司
MAZ25-3877,2.98,1.03,0.03,0,,2025/11/28 16:00,4.04,重庆分公司,重庆鸿纵机电设备有限公司
MBY25-3974,4.29,0.71,0.58,0.27,,2025/12/9 16:00,5.85,金华分公司,浙江杭开英惠特科技有限公司
MAZ25-4224,2.3,0.67,0.02,0,,2025/12/23 16:00,2.99,陕西分公司,陕西东和源科技有限公司
MBY25-3918,1.27,0.43,0.52,0,,2025/12/1 16:00,2.22,陕西分公司,陕西朗森机电设备有限公司
MAZ25-4018,3.28,0.89,0.85,10.81,,2025/12/25 16:00,15.83,陕西分公司,西安隆顺置业有限公司
,799.66,,,,,,1279.77,,
,#REF!,0.54 ,,,,,#REF!,,
