三包流水号,总部制造发运时间,总部审核处置时间,分公司审核提交时间,补充调查时间,分公司现场调查时间,发运时间,全周期统计时间,提出部门,客户名称,类型
MAZ25-3763,2.12,0.12,0.83,0,,2025/11/20 16:00,3.07,三亚分公司,三亚市正扬新材料有限公司,非基板
MBY25-3748,3.02,-0.21,-0.85,0,,2025/11/20 16:00,1.96,上海分公司,上海俞新房地产开发有限公司,基板
MBY25-3655,0.29,0.01,0,8.78,,2025/11/20 16:00,9.08,上海分公司,宝钢特钢有限公司,非基板
MBY25-3464,11.07,0.02,0,0,,2025/11/11 16:00,11.09,上海分公司,上海金桥出口加工区南区开发建设有限,#N/A
MBY25-3584,5.26,0.03,0,0,,2025/11/11 16:00,5.29,上海分公司,上海英家皇道物业管理服务有限公司,非基板
MBY25-3557,3.21,0.06,0,0,,2025/11/5 16:00,3.27,上海分公司,宝钢特钢有限公司,#N/A
MBY25-3631,6.16,0.06,0,0,,2025/11/14 16:00,6.22,上海分公司,上海万科物业服务有限公司,非基板
MBY25-3721,-0.01,0.07,0,0,,2025/11/13 16:00,0.06,上海分公司,上海东郊宾馆有限公司,非基板
MAZ25-3376,4.13,0.16,0,10.86,,2025/11/10 16:00,15.15,上海分公司,上海金贤电梯工程有限公司,非基板
MBY25-3541,4.05,0.18,0,0,,2025/11/5 16:00,4.23,上海分公司,上海金桥出口加工区联合发展有限公司,非基板
MAZ25-3495,0.24,0.75,0,0,,2025/10/28 16:00,0.99,上海分公司,上海宝苑华盈房地产有限公司,#N/A
MBY25-3722,1.02,1.03,0,0,,2025/11/17 16:00,2.05,上海分公司,上海东郊宾馆有限公司,基板
MAZ25-3609,3.08,1.88,0,1.06,,2025/11/12 16:00,6.02,上海分公司,上海复申机电设备有限公司,非基板
MAZ25-3416,2.27,3.93,0,0,,2025/10/30 16:00,6.2,上海分公司,上海曼诺电梯有限公司,#N/A
MBY25-3356,6.07,0.01,0.01,0,,2025/10/27 16:00,6.09,上海分公司,上海英家皇道物业管理服务有限公司,#N/A
MAZ25-3371,7.07,0.01,0.01,5.13,,2025/11/5 16:00,12.22,上海分公司,绿城电子商务有限公司,#N/A
MAZ25-3409,7.01,0.03,0.01,0,,2025/10/30 16:00,7.05,上海分公司,上海曼诺电梯有限公司,#N/A
MBY25-3444,3.28,0.74,0.01,0,,2025/10/29 16:00,4.03,上海分公司,上海建工七建集团有限公司,#N/A
MBY25-3560,6.26,0.99,0.01,0,,2025/11/11 16:00,7.26,上海分公司,宝钢特钢有限公司,非基板
MAZ25-3815,1.24,0.08,0.42,0,,2025/11/20 16:00,1.74,上海分公司,上海临港新片区金港东九置业有限公司,基板
MAZ25-3812,1.23,0.08,0.43,0,,2025/11/20 16:00,1.74,上海分公司,上海临港新片区金港盛元置业有限公司,基板
MAZ25-3814,1.14,0.08,0.43,0.1,,2025/11/20 16:00,1.75,上海分公司,上海临港新片区金港东九置业有限公司,基板
MAZ25-3650,2,0.17,0.82,0,,2025/11/12 16:00,2.99,上海分公司,上海圣骊物业管理有限公司,基板
MBY25-3463,0.07,0.02,0.96,0,,2025/10/27 16:00,1.05,上海分公司,上海东郊宾馆有限公司,#N/A
MAZ25-3737,1.2,0.03,1.97,0,,2025/11/20 16:00,3.2,上海分公司,上海猷嘉建筑工程有限公司,基板
MBY25-3581,6.21,0.73,0.25,0,,2025/11/12 16:00,7.19,临沂分公司,山东奥达菱电梯有限公司,基板
MAZ25-3247,0.09,0.77,0.38,0,,2025/10/27 16:00,1.24,临沂分公司,日照金菱电梯销售有限公司,#N/A
MAZ25-3654,1.22,0.81,0.05,0,,2025/11/11 16:00,2.08,云南分公司,云南三菱电梯工程有限公司,基板
MBY25-3470,3.05,0.02,0,0.13,,2025/10/29 16:00,3.2,佛山分公司,广东联塑科技实业有限公司,#N/A
MBY25-3589,1.08,0.17,0.01,1.79,,2025/11/6 16:00,3.05,佛山分公司,佛山市第二人民医院,基板
MBY25-3519,5.21,0.15,0.02,0.69,,2025/11/5 16:00,6.07,佛山分公司,佛山市第二人民医院,#N/A
MBY25-3521,5.18,0.09,0.02,6.75,,2025/11/13 16:00,12.04,内蒙古分公司,北京南方恒力电梯工程有限公司,基板
MBY25-3692,4.3,0.6,0.13,0,,2025/11/18 16:00,5.03,内蒙古分公司,北京南方恒力电梯工程有限公司,基板
MAZ25-3565,2.07,0.17,0.14,0.82,,2025/11/5 16:00,3.2,内蒙古分公司,上海志鹍工程安装有限公司,#N/A
MBY25-3691,4.3,0.6,0.15,0,,2025/11/18 16:00,5.05,内蒙古分公司,北京南方恒力电梯工程有限公司,基板
MAZ25-3426,5.3,0.01,0,0.76,,2025/10/30 16:00,6.07,北京分公司,新华房地产开发公司,#N/A
MAZ25-3665,4.28,0.02,0,0,,2025/11/14 16:00,4.3,北京分公司,北京北方上菱电梯工程有限公司,非基板
MBY25-3760,2.04,0.05,0,0,,2025/11/19 16:00,2.09,北京分公司,财政部机关服务中心（财政部机关服务,基板
MAZ25-3759,1.04,0.08,0,0.99,,2025/11/19 16:00,2.11,北京分公司,北京中豪机电设备工程有限公司,基板
MAZ25-3742,3.99,0.09,0,0,,2025/11/20 16:00,4.08,北京分公司,北京北方上菱电梯工程有限公司,非基板
MAZ25-3628,3,0.28,0,0,,2025/11/11 16:00,3.28,北京分公司,人民大会堂管理局,非基板
MAZ25-3659,6.3,0.68,0,0,,2025/11/18 16:00,6.98,北京分公司,北京康华国联机电设备有限公司,非基板
MAZ25-3551,1.21,0.78,0,0,,2025/11/3 16:00,1.99,北京分公司,人民大会堂管理局,#N/A
MBY25-3630,4.25,0.98,0,0,,2025/11/13 16:00,5.23,北京分公司,北京联茂方泰房地产开发有限公司,基板
MAZ25-3381,11.05,2.03,0,0,,2025/11/6 16:00,13.08,北京分公司,人民大会堂管理局,#N/A
MAZ25-3702,3.1,0.02,0.01,0,,2025/11/17 16:00,3.13,北京分公司,怡筑新建筑（上海）有限公司,非基板
MAZ25-3771,1.04,0.08,0.01,0.9,,2025/11/19 16:00,2.03,北京分公司,北京康华国联机电设备有限公司,基板
MAZ25-3657,3.22,0.76,0.04,0,,2025/11/13 16:00,4.02,北京分公司,北京兴嘉建设工程有限公司,基板
MAZ25-3394,3.29,0.01,0.08,1.92,,2025/10/28 16:00,5.3,北京分公司,北京中豪机电设备工程有限公司,#N/A
MAZ25-3413,8.07,0.02,0.01,0.12,,2025/11/3 16:00,8.22,南通分公司,南通铭菱电梯安装有限公司,#N/A
MBY25-3379,3.16,0.12,0.01,4.83,,2025/10/30 16:00,8.12,南通分公司,南通晖振置业有限公司,#N/A
MBY25-3377,2.14,0.13,0.01,4.84,,2025/10/29 16:00,7.12,南通分公司,南通晖振置业有限公司,#N/A
MAZ25-3351,4.26,0.83,0,0.99,,2025/10/27 16:00,6.08,厦门分公司,漳州市致景房地产开发有限公司,#N/A
MAZ25-2861,1,0.83,0,2.21,,2025/11/24 16:00,4.04,厦门分公司,厦门御宾物业服务有限公司,#N/A
MAZ25-3504,9.19,1.09,0,0,,2025/11/11 16:00,10.28,厦门分公司,厦门御宾物业服务有限公司,#N/A
MAZ25-3727,0.3,2.76,0,0,,2025/11/18 16:00,3.06,厦门分公司,中建一局集团东南建设有限公司,非基板
MAZ25-2860,1,0.95,0.01,0,,2025/11/24 16:00,1.96,厦门分公司,厦门御宾物业服务有限公司,#N/A
MAZ25-3598,3.03,0.21,0,0,,2025/11/7 16:00,3.24,台州分公司,国强建设集团有限公司,非基板
MAZ25-3469,3.2,0.01,0.03,0,,2025/10/29 16:00,3.24,台州分公司,台州黄岩方远嘉誉置业有限公司,#N/A
MAZ25-3562,6.29,0.92,0.04,0,,2025/11/11 16:00,7.25,台州分公司,国强建设集团有限公司,非基板
MAZ25-3524,1.21,0.03,0,0,0.73,2025/10/30 16:00,1.97,嘉兴分公司,湖州宁卓置业有限公司,#N/A
MAZ25-3537,1.98,0.06,0,0,,2025/10/31 16:00,2.04,嘉兴分公司,嘉兴市天南电梯有限公司,#N/A
MBY25-3658,3.12,0.09,0,0.8,,2025/11/13 16:00,4.01,嘉兴分公司,嘉兴市地方税务局,基板
MAZ25-3370,6.24,1.02,0,0,,2025/10/29 16:00,7.26,四川分公司,上海双菱电梯工程有限公司,#N/A
MBY25-3695,0.09,0.2,0.57,0,,2025/11/12 16:00,0.86,四川分公司,成都润扬城南置业有限公司,非基板
MAZ25-3392,5.27,0.01,0,1.02,,2025/10/29 16:00,6.3,天津分公司,天津嘉里房地产开发有限公司,#N/A
MAZ25-3708,-0.01,0.03,0,0,,2025/11/12 16:00,0.02,天津分公司,天津市瑞鑫机电工程技术有限公司,非基板
MAZ25-3517,2.02,0.05,0.01,0,,2025/10/30 16:00,2.08,宁波分公司,宁波华懋设备安装有限公司,#N/A
MBY25-3468,0.28,0.69,0.25,0,,2025/10/27 16:00,1.22,宁波分公司,宁波国信楼宇设备有限公司,#N/A
MAZ25-3492,6.13,0.12,0.76,0,,2025/11/5 16:00,7.01,宁波分公司,浙江明溢建设有限公司,#N/A
MAZ25-3637,0.08,1.01,1.04,0,,2025/11/10 16:00,2.13,宁波分公司,得力房地产有限公司,非基板
MBY25-3592,5.26,0.7,0,0,,2025/11/11 16:00,5.96,安徽分公司,合肥国轩科宏新能源科技有限公司,非基板
MBY25-3500,9.12,0.04,0,1.05,,2025/11/11 16:00,10.21,安阳分公司,濮阳市正荣房地产开发有限公司华龙区,#N/A
MBY25-3710,0.31,0.67,0,0,,2025/11/13 16:00,0.98,宜春分公司,江西人和房地产有限公司,非基板
MAZ25-3471,12.11,0.01,0.06,0,,2025/11/11 16:00,12.18,山东分公司,溧阳创立电梯有限公司,#N/A
MAZ25-3510,9.99,0,0,0.23,,2025/11/11 16:00,10.22,常州分公司,江苏百都上海三菱电梯特约销售有限公,#N/A
MAZ25-3512,1.24,0.98,0,0,,2025/10/30 16:00,2.22,常州分公司,江苏百都上海三菱电梯特约销售有限公,#N/A
MAZ25-3485,2.02,0.18,0.01,0,,2025/10/29 16:00,2.21,常州分公司,江苏百都上海三菱电梯特约销售有限公,#N/A
MAZ25-3497,1.21,0.74,0,0,,2025/10/29 16:00,1.95,广东分公司,白云宾馆有限公司,#N/A
MBY25-3682,2,0.07,0.1,4.84,,2025/11/19 16:00,7.01,广东分公司,广州禾美实业有限公司,基板
MAZ25-3670,3.28,1.83,0.14,0,,2025/11/17 16:00,5.25,广东分公司,广州市永恒电梯有限公司,非基板
MBY25-3559,1,0.04,0.22,7.01,,2025/11/12 16:00,8.27,广东分公司,广州广胜电子有限公司,基板
MBY25-3593,0.12,0.8,1.03,0,,2025/11/5 16:00,1.95,广东分公司,广州禾美实业有限公司,非基板
MBY25-3836,0.31,0.61,1.04,0.09,,2025/11/24 16:00,2.05,广东分公司,广州市城市规划勘测设计研究院有限公,非基板
MBY25-3484,0.05,0.03,1.08,2.08,,2025/10/30 16:00,3.24,广东分公司,广州苏菱电梯设备有限公司,非基板
MBY25-3480,3.99,0.04,3.23,0,,2025/11/5 16:00,7.26,广东分公司,广州苏菱电梯设备有限公司,#N/A
MAZ25-3730,3.02,0.02,0,0.98,,2025/11/19 16:00,4.02,惠州分公司,惠州市民泰担保有限公司,非基板
MBY25-3441,3.18,0.77,1.02,8.3,,2025/11/11 16:00,13.27,惠州分公司,惠州盈通投资有限公司,基板
MAZ25-3286,6.14,0.72,0,3.91,,2025/10/29 16:00,10.77,新疆分公司,乌鲁木齐康尼楼宇设备有限公司,#N/A
MAZ25-3610,2,1.87,0.11,0,,2025/11/10 16:00,3.98,新疆分公司,乌鲁木齐康尼楼宇设备有限公司,非基板
MAZ25-3603,0.11,0.76,0.33,0,,2025/11/5 16:00,1.2,新疆分公司,乌鲁木齐康尼楼宇设备有限公司,非基板
MBY25-3579,0.22,0.01,0,0,,2025/11/3 16:00,0.23,无锡分公司,江苏岩川机电设备工程有限公司,非基板
MAZ25-3461,11.31,0.01,0,0.98,,2025/11/11 16:00,12.3,无锡分公司,无锡市天骥电梯工程有限公司,#N/A
MAZ25-3383,6.98,0.07,0,0,,2025/10/29 16:00,7.05,柳州分公司,梧州市润梧建材商贸有限公司,#N/A
MAZ25-3530,11.22,0.04,0.02,0,,2025/11/13 16:00,11.28,柳州分公司,广西海联方冠投资有限公司,#N/A
MBY25-3321,10.13,0.83,0,0,,2025/10/30 16:00,10.96,桂林分公司,广东菱越电梯有限公司,#N/A
MBY25-3674,2.29,2.94,0,0,,2025/11/17 16:00,5.23,桂林分公司,广东菱越电梯有限公司,非基板
MAZ25-3777,1.11,0.12,0,0,,2025/11/19 16:00,1.23,汕头分公司,汕头市潮纳沛服装有限公司,基板
MAZ25-3538,4.05,0.91,0,0,,2025/11/5 16:00,4.96,汕头分公司,广东菱越电梯有限公司,非基板
MBY25-3532,6.27,0.96,0.02,2.01,,2025/11/11 16:00,9.26,汕头分公司,广东中玺科技有限公司,非基板
MAZ25-3582,0.08,0.05,0,0,,2025/11/3 16:00,0.13,江苏分公司,江苏百都上海三菱电梯特约销售有限公,非基板
MAZ25-3543,4.06,0.14,0,0,,2025/11/5 16:00,4.2,江苏分公司,江苏百都上海三菱电梯特约销售有限公,非基板
MAZ25-3718,5,0.28,0,0,,2025/11/20 16:00,5.28,江苏分公司,江苏东石机电工程有限公司,非基板
MAZ25-3443,7.14,0.07,0.02,0,,2025/11/3 16:00,7.23,江苏分公司,江苏东石机电工程有限公司,#N/A
MAZ25-3653,0.99,0.32,0.04,0.78,,2025/11/11 16:00,2.13,江苏分公司,江苏清和草堂文化产业发展有限公司,非基板
MAZ25-3586,2.99,0.05,1.02,2.06,,2025/11/11 16:00,6.12,江苏分公司,江苏海菱机电设备工程有限公司,基板
MAZ25-3451,6.31,1.76,0.03,0,,2025/11/4 16:00,8.1,沧州分公司,廊坊市慧达电梯工程有限公司,#N/A
MBY25-3577,2.07,0.21,0,0,,2025/11/5 16:00,2.28,河北分公司,河北安迅电梯设备有限公司,#N/A
MBY25-3393,4.06,0.06,0.96,9.19,,2025/11/10 16:00,14.27,河北分公司,河北安迅电梯设备有限公司,非基板
MAZ25-3261,9.27,0.01,0,1.97,,2025/10/28 16:00,11.25,河南分公司,海马（郑州）商务会馆有限公司,#N/A
MAZ25-3798,4.01,0.03,0,0,,2025/11/24 16:00,4.04,河南分公司,中建八局（山东）供应链科技有限公司,非基板
MAZ25-3568,8.2,1.79,0,0,,2025/11/14 16:00,9.99,河南分公司,海马（郑州）商务会馆有限公司,非基板
MAZ25-3437,3.22,0.09,0.63,0,,2025/10/29 16:00,3.94,泉州分公司,福州冠菱电梯有限公司,#N/A
MAZ25-3769,0,0.01,0,0.02,,2025/11/17 16:00,0.03,浙江分公司,杭州绿城房地产开发有限公司,非基板
MAZ25-3527,0.2,0.02,0,0,,2025/10/29 16:00,0.22,浙江分公司,杭州协建电梯工程有限公司,#N/A
MAZ25-3675,5.19,0.02,0,0,,2025/11/17 16:00,5.21,浙江分公司,杭州市上城区天运花园第六届业主委员,非基板
MAZ25-3698,5.26,0.02,0,0,,2025/11/19 16:00,5.28,浙江分公司,杭州丰锐达机电设备有限公司,非基板
MAZ25-3738,3.07,0.03,0,0,,2025/11/19 16:00,3.1,浙江分公司,杭州市上城区天运花园第六届业主委员,非基板
MBY25-3509,1.21,0.05,0,0,,2025/10/29 16:00,1.26,浙江分公司,税友软件集团股份有限公司,#N/A
MAZ25-3726,5,0.08,0,0,,2025/11/20 16:00,5.08,浙江分公司,杭州众安电梯有限公司,非基板
MAZ25-3741,6,0.1,0,0,,2025/11/24 16:00,6.1,浙江分公司,杭州市上城区天运花园第六届业主委员,非基板
MBY25-3664,0.12,0.16,0,0,,2025/11/10 16:00,0.28,浙江分公司,高新兴创联科技股份有限公司,非基板
MBY25-3666,1.99,0.29,0,0,,2025/11/12 16:00,2.28,浙江分公司,高新兴创联科技股份有限公司,基板
MAZ25-3605,2.27,0.85,0,0,,2025/11/7 16:00,3.12,浙江分公司,浙江杰成电梯有限公司,非基板
MBY25-3337,6.06,0.97,0,0,,2025/10/27 16:00,7.03,浙江分公司,杭州友孚机电设备有限公司,#N/A
MAZ25-3772,0.28,1,0,0.74,,2025/11/19 16:00,2.02,浙江分公司,浙江嘉菱电梯有限公司,非基板
MAZ25-3594,11.15,0.78,0.01,0,,2025/11/19 16:00,11.94,浙江分公司,绍兴巨通电梯工程有限公司,非基板
MAZ25-3614,1.01,0.1,0.59,0.18,,2025/11/6 16:00,1.88,浙江分公司,绍兴巨通电梯工程有限公司,非基板
MAZ25-3613,4,0.03,0.6,0.27,,2025/11/11 16:00,4.9,浙江分公司,浙江宝业供应链管理有限公司,非基板
MAZ25-3774,1.25,0.82,0.64,1.21,,2025/11/21 16:00,3.92,浙江分公司,浙江宝业供应链管理有限公司,基板
MAZ25-3434,4.11,0.19,0.66,0,,2025/10/29 16:00,4.96,浙江分公司,浙江三花智源房地产有限公司,#N/A
MBY25-3488,6.19,0.01,0,0,,2025/11/4 16:00,6.2,海南分公司,深圳领潮供应链管理有限公司,#N/A
MBY25-3681,0.08,2.02,0,0.95,,2025/11/13 16:00,3.05,海南分公司,深圳领潮供应链管理有限公司,非基板
MAZ25-3514,5.98,0.06,0,0.07,,2025/11/5 16:00,6.11,淄博分公司,淄博美达建设有限公司,#N/A
MBY25-3633,4.98,0.21,0.01,0,,2025/11/13 16:00,5.2,淄博分公司,淄博美达建设有限公司,基板
MBY25-3536,1.98,0.01,0.02,0,,2025/10/31 16:00,2.01,淄博分公司,无棣县弘诺城建工程有限公司,#N/A
MAZ25-3447,7.19,0,0,0,,2025/11/3 16:00,7.19,深圳分公司,深圳市建筑工务署工程管理中心,#N/A
MBY25-3494,0,0.01,0,0,,2025/10/27 16:00,0.01,深圳分公司,深圳市东园美地房地产开发有限公司,#N/A
MAZ25-3824,-0.01,0.01,0,0,,2025/11/19 16:00,0,深圳分公司,中建四局交通投资建设有限公司,非基板
MBY25-3533,0.22,0.01,0,0,,2025/10/29 16:00,0.23,深圳分公司,深圳市汇龙房地产开发有限公司,#N/A
MBY25-3542,0.24,0.01,0,0,,2025/10/30 16:00,0.25,深圳分公司,深圳市前海建设投资控股集团有限公司,#N/A
MBY25-3507,0.24,0.03,0,0,,2025/10/28 16:00,0.27,深圳分公司,深圳市聚祥和物业管理有限公司,#N/A
MBY25-3467,7.23,0.03,0,0,,2025/11/4 16:00,7.26,深圳分公司,深圳市德业基物业管理有限公司海语西,#N/A
MBY25-3465,4.22,0.04,0,0,,2025/10/30 16:00,4.26,深圳分公司,深圳市三才创展投资有限公司,#N/A
MBY25-3350,5.23,0.05,0,3.96,,2025/10/30 16:00,9.24,深圳分公司,深圳深中富电梯有限公司,#N/A
MBY25-3525,1.25,0.06,0,0.67,,2025/10/30 16:00,1.98,深圳分公司,深圳市城龙房地产开发有限公司,#N/A
MBY25-3477,2.03,0.08,0,1.19,,2025/10/30 16:00,3.3,深圳分公司,广东省深圳市盐田区东埔海景花园B区业,#N/A
MBY25-3835,1.01,0.09,0,0,,2025/11/21 16:00,1.1,深圳分公司,深圳市华通电梯实业有限公司,基板
MBY25-3740,4.01,0.09,0,0,,2025/11/20 16:00,4.1,深圳分公司,深圳市龙廷房地产开发有限公司,非基板
MBY25-3679,0.98,0.12,0,0,,2025/11/11 16:00,1.1,深圳分公司,深圳市鼎宏投资发展有限公司,非基板
MBY25-3457,2.13,0.12,0,1.71,,2025/10/29 16:00,3.96,深圳分公司,深圳市嘉德业置地有限公司,#N/A
MBY25-3486,0.08,0.13,0,0,,2025/10/27 16:00,0.21,深圳分公司,深圳市鸿荣源控股（集团）有限公司,#N/A
MAZ25-3723,2.06,0.14,0,0,,2025/11/17 16:00,2.2,深圳分公司,深圳市建工集团股份有限公司,基板
MAZ25-3344,7.13,0.16,0,0,,2025/10/28 16:00,7.29,深圳分公司,深圳市莲花物业管理有限公司,#N/A
MBY25-3751,3.11,0.17,0,0,,2025/11/20 16:00,3.28,深圳分公司,深圳市海诚建筑工程有限公司,非基板
MAZ25-3405,4.03,0.17,0,0,,2025/10/27 16:00,4.2,深圳分公司,深圳市华通电梯实业有限公司,#N/A
MBY25-3672,4.09,0.17,0,0,,2025/11/14 16:00,4.26,深圳分公司,深圳深汕特别合作区深投控投资发展有,非基板
MAZ25-3717,2.06,0.24,0,0,,2025/11/17 16:00,2.3,深圳分公司,深圳市万厦居业有限公司梅林一村管理,基板
MAZ25-3462,4.03,0.26,0,0,,2025/10/30 16:00,4.29,深圳分公司,深圳市华通电梯实业有限公司,#N/A
MBY25-3668,-0.02,0.29,0,0,,2025/11/10 16:00,0.27,深圳分公司,广东祺麟电梯有限公司,非基板
MAZ25-3345,6.02,0.3,0,0.97,,2025/10/28 16:00,7.29,深圳分公司,深圳嘉菱电梯工程有限公司,#N/A
MBY25-3435,4.31,0.64,0,0,,2025/10/29 16:00,4.95,深圳分公司,深圳市建筑工务署工程管理中心,#N/A
MBY25-3645,6.28,0.66,0,0,,2025/11/17 16:00,6.94,深圳分公司,家利物业管理（深圳）有限公司宝安御,非基板
MBY25-3684,0.31,0.68,0,0,,2025/11/11 16:00,0.99,深圳分公司,深圳市鼎宏投资发展有限公司,非基板
MBY25-3390,6.26,0.69,0,0,,2025/10/29 16:00,6.95,深圳分公司,深圳中电蓝海控股有限公司,#N/A
MBY25-3643,2.28,0.7,0,0,,2025/11/11 16:00,2.98,深圳分公司,深圳市赋景科贸有限公司,非基板
MAZ25-3745,0.26,0.71,0,0,,2025/11/17 16:00,0.97,深圳分公司,东莞市上菱电梯有限公司,非基板
MAZ25-3800,0.28,0.71,0,0,,2025/11/19 16:00,0.99,深圳分公司,深圳深汕特别合作区深投控投资发展有,非基板
MBY25-3683,1.23,0.76,0,0,,2025/11/12 16:00,1.99,深圳分公司,深圳市鼎宏投资发展有限公司,基板
MBY25-3553,3.21,0.78,0,0,,2025/11/5 16:00,3.99,深圳分公司,深圳市新裕康源物业管理有限公司,#N/A
MAZ25-3587,4.32,0.78,0,0,,2025/11/10 16:00,5.1,深圳分公司,深圳市华通电梯实业有限公司,非基板
MAZ25-3591,1.21,0.79,0,0,,2025/11/5 16:00,2,深圳分公司,深圳市城建产业园发展有限公司,基板
MBY25-3571,2.08,0.87,0,0,,2025/11/5 16:00,2.95,深圳分公司,深圳市吉达电梯工程有限公司,#N/A
MAZ25-3555,3.29,1,0,0,,2025/11/6 16:00,4.29,深圳分公司,创维集团有限公司深圳分公司,非基板
MAZ25-3546,8.99,1,0,4.12,,2025/11/19 16:00,14.11,深圳分公司,深圳市建筑工务署文体和水务工程管理,非基板
MAZ25-3418,3.16,1.08,0,1.87,,2025/10/30 16:00,6.11,深圳分公司,深圳市万科物业服务有限公司香榭茗园,#N/A
MAZ25-3625,4.28,1.68,0,0,,2025/11/13 16:00,5.96,深圳分公司,深圳市吉达电梯工程有限公司,非基板
MAZ25-3602,7.28,1.84,0,1.11,,2025/11/18 16:00,10.23,深圳分公司,深圳胜一电梯工程有限公司,非基板
MAZ25-3561,4.28,1.98,0,0,,2025/11/10 16:00,6.26,深圳分公司,深圳市凯德丰投资有限公司,非基板
MBY25-3686,1,2.95,0,0,,2025/11/14 16:00,3.95,深圳分公司,深圳市鼎宏投资发展有限公司,非基板
MBY25-3839,-0.01,0.01,0.01,0,,2025/11/20 16:00,0.01,深圳分公司,深圳深汕特别合作区深投控投资发展有,非基板
MBY25-3677,2,0.09,0.01,0.02,,2025/11/12 16:00,2.12,深圳分公司,深圳市鼎宏投资发展有限公司,基板
MAZ25-3644,2.08,0.86,0.03,0,,2025/11/11 16:00,2.97,深圳分公司,深圳市怀德房地产开发有限公司,非基板
MAZ25-3640,2.29,0.65,0.16,0,,2025/11/11 16:00,3.1,深圳分公司,深圳市俊峰实业发展有限公司,基板
MBY25-3639,2.07,0.86,0.16,0,,2025/11/11 16:00,3.09,深圳分公司,深圳市城建产业园发展有限公司,非基板
MAZ25-3636,0.2,5.74,0.26,0,,2025/11/14 16:00,6.2,深圳分公司,深圳深中富电梯有限公司,非基板
MBY25-3304,9.14,0.83,0.27,0,,2025/10/29 16:00,10.24,深圳分公司,深圳市前海建设投资控股集团有限公司,#N/A
MBY25-3632,6.29,0.64,0.28,0,,2025/11/17 16:00,7.21,深圳分公司,深圳市华通电梯实业有限公司,基板
MAZ25-3803,0.08,0.22,0.67,0,,2025/11/19 16:00,0.97,深圳分公司,深圳市俊峰实业发展有限公司,非基板
MBY25-3731,0.01,0.28,0.68,0,,2025/11/14 16:00,0.97,深圳分公司,广州申菱电梯工程有限公司,非基板
MAZ25-3732,1.02,0.28,0.68,0,,2025/11/17 16:00,1.98,深圳分公司,深圳市俊峰实业发展有限公司,基板
MAZ25-3547,6.28,0.8,1.02,0,,2025/11/11 16:00,8.1,深圳分公司,深圳市蓝湾房地产开发有限公司,非基板
MAZ25-3569,5.21,0.71,1.04,0,,2025/11/11 16:00,6.96,深圳分公司,深圳市吉达电梯工程有限公司,基板
MAZ25-3401,13.29,0,0,1.91,,2025/11/11 16:00,15.2,温州分公司,乐清市城南街道世贸国际公寓第三届业,#N/A
MAZ25-3479,2.23,0.04,0,0.01,,2025/10/29 16:00,2.28,温州分公司,温州市冠盛汽车零部件集团股份有限公,#N/A
MAZ25-3403,8.26,0.04,0,2.9,,2025/11/5 16:00,11.2,温州分公司,乐清市城南街道世贸国际公寓第三届业,#N/A
MBY25-3690,1.03,0.09,0,0,,2025/11/12 16:00,1.12,温州分公司,温州天菱电梯有限公司,基板
MAZ25-3481,0.06,0.21,0,0,,2025/10/27 16:00,0.27,温州分公司,温州市冠盛汽车零部件集团股份有限公,#N/A
MAZ25-3694,1.3,0.68,0,0,,2025/11/13 16:00,1.98,温州分公司,温州市鹿城区中瑞曼哈屯第四届业主委,基板
MAZ25-3387,5.32,0.68,0,0,,2025/10/28 16:00,6,温州分公司,温州市鹿城区中瑞曼哈屯第四届业主委,#N/A
MAZ25-3638,6.12,1.96,0,0.11,,2025/11/18 16:00,8.19,温州分公司,温州市鹿城区中瑞曼哈屯第四届业主委,非基板
MBY25-3550,6.29,1.71,0,0,,2025/11/11 16:00,8,湖南分公司,长沙宇菱电梯有限公司,非基板
MBY25-3552,3.21,0.76,0.03,0,,2025/11/5 16:00,4,湖南分公司,长沙宇菱电梯有限公司,#N/A
MBY25-3615,0.09,0.19,0.53,0,,2025/11/5 16:00,0.81,湖南分公司,湖南出版投资控股集团有限公司,非基板
MBY25-3685,2.06,2.12,0.8,0,,2025/11/17 16:00,4.98,湖南分公司,湖南速通电梯有限公司,基板
MAZ25-3308,11.11,4.08,0,0,,2025/11/5 16:00,15.19,烟台分公司,威海金基置业有限公司,#N/A
MAZ25-3642,3.23,1.72,0,0,,2025/11/13 16:00,4.95,甘肃分公司,平凉市新世纪建筑工程有限责任公司,基板
MAZ25-3522,1.99,0.02,0.02,0,,2025/10/30 16:00,2.03,福建分公司,福建西海岸建筑设计院有限公司,#N/A
MAZ25-3518,4.11,0.91,0.05,0,,2025/11/4 16:00,5.07,福建分公司,福建西海岸建筑设计院有限公司,#N/A
MBY25-3719,0,0.26,0,0,,2025/11/13 16:00,0.26,粤西分公司,广西德高建筑工程有限公司,非基板
MAZ25-3483,10.98,0.27,0,0,,2025/11/11 16:00,11.25,苏州分公司,苏州环企投资发展有限公司,#N/A
MBY25-3580,2.12,0.08,0.01,0,,2025/11/5 16:00,2.21,苏州分公司,江苏骏峰电梯有限公司,#N/A
MAZ25-3482,5.1,0.15,0.01,0,,2025/11/3 16:00,5.26,苏州分公司,苏州环企投资发展有限公司,#N/A
MBY25-3520,6.11,0.04,0.03,0,,2025/11/6 16:00,6.18,苏州分公司,上海冠菱电梯有限公司,#N/A
MBY25-3490,2,0.28,0.05,0.76,,2025/10/30 16:00,3.09,苏州分公司,深圳领潮供应链管理有限公司,#N/A
MBY25-3445,3.28,0.82,0.11,0,,2025/10/29 16:00,4.21,苏州分公司,江苏骏峰电梯有限公司,#N/A
MAZ25-3539,8.15,2.2,0.46,0,,2025/11/13 16:00,10.81,苏州分公司,苏州环企投资发展有限公司,#N/A
MAZ25-3498,3.22,0.02,0,2.99,0.58,2025/11/5 16:00,6.81,菏泽分公司,北京首力电梯有限公司,#N/A
MAZ25-3384,4.25,0.78,0,0,,2025/10/27 16:00,5.03,菏泽分公司,北京首力电梯有限公司,#N/A
MAZ25-3651,2.03,0.03,0.97,1.91,3.26,2025/11/19 16:00,8.2,菏泽分公司,北京首力电梯有限公司,基板
MAZ25-3572,5.15,-0.23,-0.97,0,,2025/11/10 16:00,3.95,蚌埠分公司,浙江宝业供应链管理有限公司,非基板
MAZ25-3573,4.18,0.08,-1,0.65,,2025/11/10 16:00,3.91,蚌埠分公司,浙江宝业供应链管理有限公司,非基板
MAZ25-3687,4.27,0.02,0.58,0,,2025/11/17 16:00,4.87,贵州分公司,新华阁小区业主委员会,非基板
MAZ25-3502,-0.01,1.21,0.09,0,,2025/10/29 16:00,1.29,赣州分公司,江西广菱机电设备有限公司,#N/A
MAZ25-3432,4.25,0.73,0.01,0,,2025/10/29 16:00,4.99,重庆分公司,重庆鸿纵机电设备有限公司,#N/A
MAZ25-3608,-0.03,0.05,0.04,0,,2025/11/4 16:00,0.06,重庆分公司,重庆市意能达电梯有限责任公司,非基板
MBY25-3436,4.26,2.01,0.63,2,,2025/11/4 16:00,8.9,金华分公司,浙江杭开英惠特科技有限公司,#N/A
MAZ25-3733,1.06,0.83,0.06,0,,2025/11/17 16:00,1.95,陕西分公司,陕西三秦通宇机电工程设备有限公司,非基板
MAZ25-3548,2.09,1.16,0.81,0,,2025/11/5 16:00,4.06,陕西分公司,陕西三秦通宇机电工程设备有限公司,非基板
MAZ25-3513,8.3,0.78,1.06,0,,2025/11/11 16:00,10.14,黑龙江分公司,上海冠菱电梯有限公司,#N/A
,811.16,0.53,,,,,1104.16,,,
,#REF!,,,,,,#REF!,,,
,#REF!,,,,,,#REF!,,,
