TR编号,工事番号,三包单取号,分公司,项目名,故障信息,品目,部品名称,TR部品分类,图号,数量,部品退回日期,基板序号,印板供方编号（判断退回）,仓库品判断,合同号,生产旬,TR提出日期,初步意见,核查人员,报告附件,报告附件,核查结案,供方代码,备注,原因,对策,回复日期,派单按钮,核查意见,故障情况,品目分类,箱号,分类,供应商,核查答复,部品分类,三包下单,参数,实物退回情况,项目状态,物料号,发料向,参考序号,资材编码,责任科室,五级定责分类,ID号,TR完成日期,报工状态,快递单号,原2025损失号码,基板外观判断,元器件（如NG，注明NG位置，用/隔开）,三包单合并（新旧）,三包单下单合并内容,TR处理人员,模拟试验,三包下单辅助,整梯系统检查,匹配,基板判定日期,基板调查移交日期,基板移交对象,基板存放位置,返修备库品,该TR的基板返修完成情况,基板判定结果,追偿意见,实物检验是否能发现,不良对象 （责任）,不良分类,一级分类,三级分类,基板名称分类,基板分类图号辅助,四级分类,快递地址,反托单号,快递收件人,收件人联系电话,JV辅助 1级,JV辅助 2级,一级辅助,四级辅助,追偿按钮,追偿状态,是否为责任方为追偿对象,是否需要追偿,是否存在追偿价格,不良分类（MASTER）,二级分类,实物退回状态,程序制作业务联系单,项目经理,记录更新日期,不良责任定责日期,父记录,TR状态区分,物流三包号,快递三包号,判断TR辅助,统计-数量,判责发送,品目经理参考,决定价格,三包判责和核价通知单链接,是否需要核价确认,核价人员意见备注,三包判责和核价通知单编号,测试,决定单价状态确认
MBY26-0010,EOMS96040,A2A100103,广东分公司,广州市永恒电梯有限公司,外呼板不显示，申请三包，麻烦总部协助谢谢。分公司责任部门：广州地铁3号维修站,366,外召板,基板,SE306A059 G01,1,,260017,,,24MAX10-736,2025/1/23,2026-01-07,,肖小,,,,—,,,,,,,损件,装潢,,国产基板,宁波电子,,外协品,点击按钮,,,,,Z06,25,,待定责,,H9DCIfoslq,,,SF3265180987179,,,,A2A100103,"#366 #外召板 #SE306A059 G01
()
#数量1；
 
",张临佳,——,"#366 #外召板 #SE306A059 G01
()
#数量1；
 
",,,,,,,25,,,,,,,待退回,国产基板,外召板,SE306A05,待退回,,,,,——,装潢国产基板,待定责,待定责,,,无需追偿,无需追偿,,,基板,实物待退回,,,2026-01-08,,,保养,,A2A100103,是,1,,瞿玉玲,,,不需要,,,,
MBY26-0017,EOJZ33116,A2A100104,湖南分公司,湖南信宇集团企业管理有限公司,,366,外召板,基板,SE306A059 G01,1,,260018,,,24MAL10-107,2024/3/8,2026-01-07,,肖小,,,,—,,,,,,,损件,装潢,,国产基板,宁波电子,,外协品,点击按钮,,,,,Z06,24,,待定责,,tSbz1eTEs1,,,SF5103332231612,,,,A2A100104,"#366 #外召板 #SE306A059 G01
()
#数量1；
 
",张临佳,——,"#366 #外召板 #SE306A059 G01
()
#数量1；
 
",,,,,,,25,,,,,,,待退回,国产基板,外召板,SE306A05,待退回,,,,,——,装潢国产基板,待定责,待定责,,,无需追偿,无需追偿,,,基板,实物待退回,,,2026-01-08,,,保养,,A2A100104,是,1,,瞿玉玲,,,不需要,,,,
MAZ25-4361,"EONK97154
EONK97154",A2A100060,台州分公司,台州兆信房地产有限公司,2块电源板没有电源，更换之后正常，特此申请三包（印板上面标记流水号是MAZ25-4359）,280,电源板,基板,SE201C168 -01,1,2026-01-13,260001,B25011500715,,"25MAX10-116,25MAX10-116",,2026-01-05,,肖小,,,,—,,,,,,,损件,电气,,国产基板,南通圣泰,,外协品,点击按钮,,1,,,Z06,1,,待定责,A0203损件退回,ShaTw7FGzs,,,"SF5127614137646, SF3265064472532",,OK,-,A2A100060,"#280 #电源板 #SE201C168 -01
()
#数量1；
 
, #280 #电源板 #SE201C168 -01
()
#数量1；
 
",黄丽黎,——,"#280 #电源板 #SE201C168 -01
()
#数量1；
 
",,,,2026-01-13,检技科,,0,,,,,,,待定责,国产基板,电源板,SE201C16,待定责,,,,,——,电气国产基板,待定责,待定责,,,无需追偿,无需追偿,,,基板,,,,2026-01-05,,,安装,,A2A100060,是,1,,,,,不需要,,,,
MAZ25-4361,"EONK97154
EONK97154",A2A100060,台州分公司,台州兆信房地产有限公司,2块电源板没有电源，更换之后正常，特此申请三包（印板上面标记流水号是MAZ25-4359）,280,电源板,基板,SE201C168 -01,1,2026-01-13,260002,A010TA246002432,,"25MAX10-116,25MAX10-116",,2026-01-05,,肖小,,,,—,,,,,,,损件,电气,,国产基板,睿德磬,,外协品,点击按钮,,1,,,Z06,2,,待定责,A0203损件退回,0MZVVm45zP,,,"SF5127614137646, SF3265064472532",,OK,-,A2A100060,"#280 #电源板 #SE201C168 -01
()
#数量1；
 
, #280 #电源板 #SE201C168 -01
()
#数量1；
 
",黄丽黎,——,"#280 #电源板 #SE201C168 -01
()
#数量1；
 
",,,,2026-01-13,检技科,,0,,,,,,,待定责,国产基板,电源板,SE201C16,待定责,,,,,——,电气国产基板,待定责,待定责,,,无需追偿,无需追偿,,,基板,,,,2026-01-05,,,安装,,A2A100060,是,1,,,,,不需要,,,,
MAZ25-4358,EONU52016,A2A100061,北京分公司,北京四方恒通电梯工程有限公司,电梯在运行时发现:显示屏不亮 黑屏 更换主板后恢复正常.,235,轿内基板,基板,SE301A951 G23,1,,260003,,,25MAL13-RAD,2025/7/26,2026-01-05,,肖小,,,,—,,,,,,,损件,电气,,国产基板,吉盛,,外协品,点击按钮,,,,,Z06,3,,待定责,A0203损件退回,fNuZ0uvdeA,,,SF5127362260908,,,,A2A100061,"#235 #轿内基板 #SE301A951 G23
()
#数量1；
 
",黄丽黎,——,"#235 #轿内基板 #SE301A951 G23
()
#数量1；
 
",,,,,,,0,,,,,,,待退回,国产基板,轿内板,SE301A95,待退回,,,,,——,电气国产基板,待定责,待定责,,,无需追偿,无需追偿,,,基板,实物待退回,,,2026-01-05,,,安装,,A2A100061,是,1,,"瞿玉玲,虞慧静",,,不需要,,,,
MAZ25-4364,EONT14083,A2A100062,深圳分公司,中海物业管理有限公司逸翠园管理处,电梯运行正常。层站外招显示时缺笔画，更换层站外招板后显示正常,366,外召板,基板,SE306A055 G54,1,2026-01-13,260004,2504050260,,25MAL10-RBE,2025/5/30,2026-01-05,,肖小,,,,—,,,,,,,损件,装潢,,国产基板,宁波电子,,外协品,点击按钮,,1,,,Z06,4,,待定责,A0203损件退回,aYpR1zXG8a,,,SF5127109429807,,OK,,A2A100062,"#366 #外召板 #SE306A055 G54
()
#数量1；
 
",黄丽黎,——,"#366 #外召板 #SE306A055 G54
()
#数量1；
 
",,,,,宁波电子,,2,,,,,,,待定责,国产基板,外召板,SE306A05,待定责,,,,,——,装潢国产基板,待定责,待定责,,,无需追偿,无需追偿,,,基板,,,,2026-01-05,,,安装,,A2A100062,是,1,,瞿玉玲,,,不需要,,,,
MAZ26-4376,"EOOQ65040,EOOQ65040",A2A100074,北京分公司,北京康华国联机电设备有限公司,"1)电梯内选按钮,任意选一层其他楼层同步点亮.
2)外呼印板:外呼无显示,替换到其他楼层故障依旧存在,另外导致其他楼层也是无显示,
更换该印板后恢复正常.",235,轿内基板,基板,SE303A818 -01,1,,260005,,,"25MAX10-SGQ,25MAX10-SGQ",2025/9/15,2026-01-05,,肖小,,,,—,,,,,,,损件,电气,,国产基板,SMEC,,外协品,点击按钮,,,,,Z06,6,,待定责,A0203损件退回,DL1klXB3fK,,,SF5127593742068,,,,A2A100074,"#235 #轿内基板 #SE303A818 -01
()
#数量1；
 
, #366 #外召板 #SE306A055 G64
()
#数量1；
 
",黄丽黎,——,"#235 #轿内基板 #SE303A818 -01
()
#数量1；
 
",,,,,,,0,,,,,,,待退回,国产基板,轿内板,SE303A81,待退回,,,,,——,电气国产基板,待定责,待定责,,,无需追偿,无需追偿,,,基板,实物待退回,,,2026-01-05,2026-01-06,,安装,,A2A100074,是,1,,"瞿玉玲,虞慧静",,,不需要,,,,
MAZ26-4376,"EOOQ65040,EOOQ65040",A2A100074,北京分公司,北京康华国联机电设备有限公司,"1)电梯内选按钮,任意选一层其他楼层同步点亮.
2)外呼印板:外呼无显示,替换到其他楼层故障依旧存在,另外导致其他楼层也是无显示,
更换该印板后恢复正常.",366,外召板,基板,SE306A055 G64,1,,260006,,,"25MAX10-SGQ,25MAX10-SGQ",2025/09/15,2026-01-05,,肖小,,,,—,,,,,,,损件,装潢,,国产基板,宁波电子,,外协品,点击按钮,,,,,Z06,7,,待定责,A0203损件退回,nBDNI4taus,,,SF5127593742068,,,,A2A100074,"#235 #轿内基板 #SE303A818 -01
()
#数量1；
 
, #366 #外召板 #SE306A055 G64
()
#数量1；
 
",黄丽黎,——,"#366 #外召板 #SE306A055 G64
()
#数量1；
 
",,,,,,,0,,,,,,,待退回,国产基板,外召板,SE306A05,待退回,,,,,——,装潢国产基板,待定责,待定责,,,无需追偿,无需追偿,,,基板,实物待退回,,,2026-01-05,,,安装,,A2A100074,是,1,,瞿玉玲,,,不需要,,,,
MBY26-4367,EOOO78070,A2A100079,温州分公司,温州市鹿城区时代海景嘉园第三届业主,该印板关门健那个插件无效,235,轿内基板,基板,LHS-1032B,1,,260007,,LHS-1032B,25MAX10-SAW,2025/08/30,2026-01-05,,肖小,,,,—,,,,,,,损件,电气,,国产基板,SMEC,,仓库品,点击按钮,,,,LHS-1032BS,Z06,8,L43LSA,待定责,A0203损件退回,EiDYHY1QAq,,,SF3265958766378,,,,A2A100079,"#235 #轿内基板 #LHS-1032B
()
#数量1；
 
",黄丽黎,——,"#235 #轿内基板 #LHS-1032B
()
#数量1；
 
",,,,,,,0,,,,,,,待退回,国产基板,轿内板,LHS-1032,待退回,,,,,——,电气国产基板,待定责,待定责,,,无需追偿,无需追偿,,,基板,实物待退回,,,2026-01-05,2026-01-06,,保养,,A2A100079,是,1,,"瞿玉玲,虞慧静",,,不需要,,,,
MBY26-4385,EOET21035,A2A100080,台州分公司,宁波益心机电有限公司,外呼显示不良，发暗无法看清。对调后故障转移,366,外召板,基板,SE301A807 G02,1,,260008,,,22MAL13-RBP,2022/11/06,2026-01-05,,肖小,,,,—,,,,,,,损件,装潢,,国产基板,宁波电子,,外协品,点击按钮,,,,,Z06,9,,待定责,A0203损件退回,DpeCZXwMwU,,,SF5103524293718,,,,A2A100080,"#366 #外召板 #SE301A807 G02
()
#数量1；
 
",黄丽黎,——,"#366 #外召板 #SE301A807 G02
()
#数量1；
 
",,,,,,,25,,,,,,,待退回,国产基板,外召板,SE301A80,待退回,,,,,——,装潢国产基板,待定责,待定责,,,无需追偿,无需追偿,,,基板,实物待退回,,,2026-01-05,,,保养,,A2A100080,是,1,,瞿玉玲,,,不需要,,,,
MAZ26-4387,EOOF42252,A2A100081,宁波分公司,宁波得力博悦置业有限公司,显示屏不亮,235,轿内显示屏板,基板,SE301A811 -01,1,,260009,,,25MAL10-486,2025/12/02,2026-01-05,,肖小,,,,—,,,,,,,损件,电气,,国产基板,SMEC,,外协品,点击按钮,,,,,Z06,10,,待定责,A0203损件退回,Pue05fZkgy,,,SF5129957231685,,,,A2A100081,"#235 #轿内显示屏板 #SE301A811 -01
()
#数量1；
 
",黄丽黎,——,"#235 #轿内显示屏板 #SE301A811 -01
()
#数量1；
 
",,,,,,,0,,,,,,,待退回,国产基板,"轿内板, 显示屏",SE301A81,待退回,,,,,——,电气国产基板,待定责,待定责,,,无需追偿,无需追偿,,,基板,实物待退回,,,2026-01-05,2026-01-06,,安装,,A2A100081,是,1,,"瞿玉玲,虞慧静",,,不需要,,,,
MAZ26-0002,EOLN99035,A2A100082,福建分公司,国家税务总局福建省税务局,"现场电梯电瓶应急电源送电后快慢车不能运行，电梯死机不运行。
MESE那边排产不了，现在重新申请一次",203,电源板,基板,KCR-908B,1,,260010,,KCR-908B,24MAX10-RUR,2024/09/20,2026-01-05,,陈浦放,,,,—,,,,,,,损件,电气,,进口基板,稻电,,仓库品,点击按钮,,,,KCR-908B,Z06,11,L43SP,待定责,A0203损件退回,VH76oN9VtQ,,,SF5127285131591,,,,A2A100082,"#203 #电源板 #KCR-908B
()
#数量1；
 
",黄丽黎,——,"#203 #电源板 #KCR-908B
()
#数量1；
 
",,,,,,,45,,,,,,,待退回,进口基板,M1板,KCR-908B,待退回,,,,,——,电气进口基板,待定责,待定责,,,无需追偿,无需追偿,,,基板,实物待退回,,,2026-01-05,,,安装,,A2A100082,是,1,,钟立,,,不需要,,,,
MBY26-4381,EOOO72094,A2A100083,温州分公司,温州市鹿城区时代海景嘉园第三届业主,该台电梯返平层不走，检查发现该P1板能启动就是故障消不掉  不能正常运行,203,P1板,基板,KCD-1161H,1,,260011,,KCD-1161H,25MAX10-SAY,2025/08/30,2026-01-05,,陈浦放,,,,—,,,,,,,损件,电气,,进口基板,稻电,,仓库品,点击按钮,,,,KCD-1161H,Z06,12,L43WM,待定责,A0203损件退回,5Byy0UfNMI,,,SF5127285138292,,,,A2A100083,"#203 #P1板 #KCD-1161H
()
#数量1；
 
",黄丽黎,——,"#203 #P1板 #KCD-1161H
()
#数量1；
 
",,,,,,,0,,,,,,,待退回,进口基板,P1板,KCD-1161,待退回,,,,,——,电气进口基板,待定责,待定责,,,无需追偿,无需追偿,,,基板,实物待退回,点击按钮,,2026-01-05,,,保养,,A2A100083,是,1,,钟立,,,不需要,,,,
MAZ25-4356,EOOJ23132,A2A100094,天津分公司,天津市瑞鑫机电工程技术有限公司,SF开关，安全回路门锁一通，开关断开，更换R2板后，电梯正常，故办理三包，谢谢！,203,R2板,基板,KCA-1270A,1,2026-01-13,260012,ZX153155901P,KCA-1270A,25MAL10-660,2025/10/27,2026-01-06,,陈浦放,,,,—,,,,,,,损件,电气,,国产基板,SMEC,,仓库品,点击按钮,,1,,KCA-1270AS,Z06,16,L43F5,待定责,,kYVmykxwdv,,,SF3265049335870,,OK,,A2A100094,"#203 #R2板 #KCA-1270A
()
#数量1；
 
",黄丽黎,——,"#203 #R2板 #KCA-1270A
()
#数量1；
 
",,,,,-,不检测,0,,,,,,,待定责,国产基板,R2板,KCA-1270,待定责,,,,,——,电气国产基板,待定责,待定责,,,无需追偿,无需追偿,,,基板,,,,2026-01-14,,,安装,,A2A100094,是,1,,钟立,,,不需要,,,,
MAZ26-4379,EOLM78075,A2A100088,上海分公司,上海市徐汇区阳光名邸业主大会,轿内显示缺笔划，现场看LHD-1040E和楼层显示屏是焊接在一起的，需要连印版和屏一起三包。由于电梯已经交付小业主使用，因此请求先发三包件，现场更换后再返还,235,轿内基板,基板,LHD-1040E,1,,260013,,LHD-1040E,24MAX08-RAB,2024/6/30,2026-01-06,,肖小,,,,—,,,,,,,损件,电气,,国产基板,SMEC,,仓库品,点击按钮,,,,LHD-1040ES,Z06,17,L43H9S,待定责,A0203损件退回,dudSmPwN2c,,,SF3265049334354,,,,A2A100088,"#235 #轿内基板 #LHD-1040E
()
#数量1；
 
",黄丽黎,——,"#235 #轿内基板 #LHD-1040E
()
#数量1；
 
",,,,,,,0,,,,,,,待退回,国产基板,显示板,LHD-1040,待退回,,,,,——,电气国产基板,待定责,待定责,,,无需追偿,无需追偿,,,基板,实物待退回,,,2026-01-06,,,安装,,A2A100088,是,1,,"瞿玉玲,虞慧静",,,不需要,,,,
MAZ26-4388,EOOQ65040,A2A100101,北京分公司,北京康华国联机电设备有限公司,"该印板导致轿厢照明和风扇没电，电梯可以正常运行.
印板:客户不让拆,因为电梯正常使用中,请总部先发货北京后返厂.",231,门机板,基板,DOR-1240C,1,,260014,,DOR-1240C,25MAX10-SGQ,2025/9/15,2026-01-06,,肖小,,,,—,,,,,,,损件,电气,,进口基板,稻电,,仓库品,点击按钮,,,,DOR-1240C,Z06,18,L43Y8,待定责,A0203损件退回,ShhvQ6eTlg,,,SF3265049337084,,,,A2A100101,"#231 #门机板 #DOR-1240C
()
#数量1；
 
",黄丽黎,——,"#231 #门机板 #DOR-1240C
()
#数量1；
 
",,,,,,,0,,,,,,,待退回,进口基板,门机板,DOR-1240,待退回,,,,,——,电气进口基板,待定责,待定责,,,无需追偿,无需追偿,,,基板,实物待退回,,,2026-01-06,,,安装,,A2A100101,是,1,,虞慧静,,,不需要,,,,
MBY26-4377,EY6J35045,A2A001055,天津分公司,天津住宅集团建设工程总承包有限公司,A方式保养合同领用印版，黑屏更换同型号印版正常,366,外召板,基板,LHH-1005E G24,1,,260015,,LHH-1005E G24,ME14M-1288,2014/7/10,2026-01-06,,肖小,,,,—,,,,,,,损件,装潢,,国产基板,SMEC,,备库品,点击按钮,,,,LHH-1005EG24S,Z06,20,L43H8S,待定责,A0203损件退回,Qk56ZWgsoE,,,"SF3265043600793, SF3265043600793",,,,A2A001055,"#366 #外召板 #LHH-1005E G24
()
#数量1；
 
",黄丽黎,——,"#366 #外召板 #LHH-1005E G24
()
#数量1；
 
",,,,,,,4,,,,,,,待退回,国产基板,外召板,LHH-1005,待退回,,,,,——,装潢国产基板,待定责,待定责,,,无需追偿,无需追偿,,,基板,实物待退回,,,2026-01-07,,,保养,,A2A001055,是,1,,瞿玉玲,,,不需要,,,,
MBY25-4288,EOLQ37072,A2A001056,深圳分公司,深圳市业诚机电设备有限公司,此前描述有误，是轿顶的电源板，电梯不能运行，轿顶电源板无电源输出，更换该电源板后电梯运行正常,231,电源板,基板,SE201C169 -01,1,2026-01-13,260016,b25062300054,,GX24M-A638,2025/8/16,2026-01-06,,肖小,,,,—,,,,,,,损件,电气,,国产基板,南通圣泰,,备库品,点击按钮,,1,,,Z06,21,,待定责,,mi5ADv4n0E,,,"SF5103676296949, SF5103676296949",,OK,-,A2A001056,"#231 #电源板 #SE201C169 -01
()
#数量1；
 
",黄丽黎,——,"#231 #电源板 #SE201C169 -01
()
#数量1；
 
",,,,2026-01-13,检技科,,0,,,,,,,待定责,国产基板,电源板,SE201C16,待定责,,,,,——,电气国产基板,待定责,待定责,,,无需追偿,无需追偿,,,基板,,,,2026-01-14,,,保养,,A2A001056,是,1,,虞慧静,,,不需要,,,,
MBY26-0019,EONS96491,A2A100105,深圳分公司,深圳百仕达物业管理有限公司,电梯运行正常，18F楼层外招按了无反应，经查是外招板故障，更换后正常,366,层站外招板,基板,SE306A056 G64,1,,260019,,,25MAX08-RCA,2025/4/22,2026-01-07,,肖小,,,,—,,,,,,,损件,装潢,,国产基板,宁波电子,,外协品,点击按钮,,,,,Z06,22,,待定责,,SbzxOxnSHF,,,SF5127109579863,,,,A2A100105,"#366 #层站外招板 #SE306A056 G64
()
#数量1；
 
",黄丽黎,——,"#366 #层站外招板 #SE306A056 G64
()
#数量1；
 
",,,,,,,20,,,,,,,待退回,国产基板,外召板,SE306A05,待退回,,,,,——,装潢国产基板,待定责,待定责,,,无需追偿,无需追偿,,,基板,实物待退回,,,2026-01-08,,,保养,,A2A100105,是,1,,瞿玉玲,,,不需要,,,,
MAZ25-4327,EOOT08396,A2A100076,上海分公司,上海万科物业服务有限公司,限速器安装座发到现场方向反了，照片是错误的。,115,限速器安装座,,NA310C473 G01,1,,-,,,25MAL10-RCW,2025/11/01,2026-01-05,,张琛林,,,,1000148,,,,,,厂家加工错误,错件,机械,,整外,宁波申菱,,外协品,点击按钮,,,,,Z06,19,,L 制造部・资材科（外协）,A0410制造差错：制造NG,sdfpN0jK1N,,,SF3265889531421,,,,A2A100076,"#115 #限速器安装座 #NA310C473 G01
()
#数量1；
 
",黄丽黎,——,"#115 #限速器安装座 #NA310C473 G01
()
#数量1；
 
",,,,,,,0,,,,,宁波申菱机电科技股份有限公司,,非现场责任,整外,,,外协责任整外,,,,,外协制造,机械整外,非现场责任,外协责任,,,需要追偿,无需追偿,,外协制造,非基板,,,,2026-01-06,2026-01-09,,安装,,A2A100076,是,1,,乐善毅,,,需要,,,,
MBY26-0025,EONF04034,A2A100110,温州分公司,温州天菱电梯有限公司,该外召板插上去后，电梯显示黑屏,366,外召板,基板,SE306A059 G01,1,,260020,,,25MAX10-RET,2025/02/28,2026-01-07,,肖小,,,,—,,,,,,,损件,装潢,,国产基板,宁波电子,,外协品,点击按钮,,,,,Z06,23,,待定责,,JKJmi2rlBH,,,SF3265619139563,,,,A2A100110,"#366 #外召板 #SE306A059 G01
()
#数量1；
 
",尤蔚栋,——,"#366 #外召板 #SE306A059 G01
()
#数量1；
 
",,,,,,,25,,,,,,,待退回,国产基板,外召板,SE306A05,待退回,,,,,——,装潢国产基板,待定责,待定责,,,无需追偿,无需追偿,,,基板,实物待退回,,,2026-01-08,,,保养,,A2A100110,是,1,,瞿玉玲,,,不需要,,,,
MBY26-0015,EOGI14045,A2A100111,宁波分公司,宁波华懋设备安装有限公司,4#电梯外招显示蓝屏，见附件实物照片，现场申请三包。,366,外招液晶基板,基板,SE301A807 G02,1,,260021,,,23MAX13-309,2023/8/20,2026-01-07,,肖小,,,,—,,,,,,,损件,装潢,,国产基板,宁波电子,,外协品,点击按钮,,,,,Z06,26,,待定责,,BXX5VpENzN,,,SF5103155581020,,,,A2A100111,"#366 #外招液晶基板 #SE301A807 G02
()
#数量1；
 
",黄丽黎,——,"#366 #外招液晶基板 #SE301A807 G02
()
#数量1；
 
",,,,,,,25,,,,,,,待退回,国产基板,外召板,SE301A80,待退回,,,,,——,装潢国产基板,待定责,待定责,,,无需追偿,无需追偿,,,基板,实物待退回,,,2026-01-08,,,保养,,A2A100111,是,1,,瞿玉玲,,,不需要,,,,
MBY26-0027,EOLV58214,A2A100114,浙江分公司,浙江沪菱机电有限公司,中共杭州市市委党校大检查发现外招显示不正常缺点要求我司尽快处理更换恢复正常显示状况，特向公司三包组办理三包。,366,外招基板,基板,LHH-1200E G64,1,,260022,,LHH-1200E G64,24MAL10-559,2024/07/25,2026-01-12,,肖小,,,,—,,,,,,,损件,装潢,,国产基板,SMEC,,仓库品,点击按钮,,,,LHH-1200EG64S,Z06,79,L43PYS,待定责,A0203损件退回,bjCF1ZwLqf,,,SF5127366154023,,,,A2A100114,"#366 #外招基板 #LHH-1200E G64
()
#数量1；
 
",黄丽黎,——,"#366 #外招基板 #LHH-1200E G64
()
#数量1；
 
",,,,,,,0,,,,,,,待退回,国产基板,外召板,LHH-1200,待退回,,,,,——,装潢国产基板,待定责,待定责,,,无需追偿,无需追偿,,,基板,实物待退回,,,2026-01-12,,,保养,,A2A100114,是,1,,瞿玉玲,,,不需要,,,,
MBY26-0031,EOLA14016,A2A100115,厦门分公司,漳州市励欧房地产开发有限公司,消防反馈点一直动作，将故障印板替换至其他正常电梯上，故障跟随转移，判断为R1板存在异常。,203,R1板,基板,KCA-1221A,1,,260023,,KCA-1221A,23MAX10-559,2025/01/23,2026-01-12,,陈浦放,,,,—,,,,,,,损件,电气,,进口基板,稻电,,仓库品,点击按钮,,,,KCA-1221A,Z06,80,L43FM,待定责,A0203损件退回,giNYP1Zg2H,,,SF5127366154554,,,,A2A100115,"#203 #R1板 #KCA-1221A
()
#数量1；
 
",黄丽黎,——,"#203 #R1板 #KCA-1221A
()
#数量1；
 
",,,,,,,0,,,,,,,待退回,进口基板,R1板,KCA-1221,待退回,,,,,——,电气进口基板,待定责,待定责,,,无需追偿,无需追偿,,,基板,实物待退回,,,2026-01-12,,,保养,,A2A100115,是,1,,钟立,,,不需要,,,,
MBY26-0037,EOFQ42010,A2A100117,浙江分公司,安丰创业投资有限公司,1号电梯用户报修外招不起作用黑屏，经维修人员检查发现基板SE301A807G2故障，特向公司三包组办理三包。,366,外招基板,基板,SE301A807 G02,1,,260024,,,23MAL08-168,2023/5/10,2026-01-12,,肖小,,,,—,,,,,,,损件,装潢,,国产基板,宁波电子,,外协品,点击按钮,,,,,Z06,81,,待定责,A0203损件退回,MkcX0IJUji,,,SF3265836567169,,,,A2A100117,"#366 #外招基板 #SE301A807 G02
()
#数量1；
 
",黄丽黎,——,"#366 #外招基板 #SE301A807 G02
()
#数量1；
 
",,,,,,,25,,,,,,,待退回,国产基板,外召板,SE301A80,待退回,,,,,——,装潢国产基板,待定责,待定责,,,无需追偿,无需追偿,,,基板,实物待退回,,,2026-01-12,,,保养,,A2A100117,是,1,,瞿玉玲,,,不需要,,,,
MAZ26-0040,EONR86024,A2A100118,湖北分公司,武汉市金都汉宫小区第二届业主委员会,现场外呼装好发现缺少笔画，现场核实外呼无磕碰，无碰撞，申请办理三包，谢谢。,235,轿内显示板,基板,LHD-1040E,1,,260025,,LHD-1040E,25MAX10-RHP,2025/4/20,2026-01-12,,肖小,,,,—,,,,,,,损件,电气,,国产基板,SMEC,,仓库品,点击按钮,,,,LHD-1040ES,Z06,82,L43H9S,待定责,A0203损件退回,gjUj8UxQ6a,,,SF3265836565919,,,,A2A100118,"#235 #轿内显示板 #LHD-1040E
()
#数量1；
 
",黄丽黎,——,"#235 #轿内显示板 #LHD-1040E
()
#数量1；
 
",,,,,,,0,,,,,,,待退回,国产基板,显示板,LHD-1040,待退回,,,,,——,电气国产基板,待定责,待定责,,,无需追偿,无需追偿,,,基板,实物待退回,,,2026-01-12,,,安装,,A2A100118,是,1,,"瞿玉玲,虞慧静",,,不需要,,,,
MBY26-0052,EOGG92094,A2A100122,淄博分公司,淄博景舜置业有限公司,该电梯ELD空气开关一送闸，电梯就会平层死机，经排查更换同工地相同电梯同‘’‘’‘’‘’‘’‘’‘’‘型号的KCR-1200D印板后，电梯恢复正常运行。,203,M1,基板,KCR-1200D,1,,260026,,KCR-1200D,23MAL08-216,2023/8/4,2026-01-12,,陈浦放,,,,—,,,,,,,损件,电气,,进口基板,稻电,,仓库品,点击按钮,,,,KCR-1200D,Z06,83,L43Y6,待定责,A0203损件退回,2Bc5BAtndw,,,SF5103011943773,,,,A2A100122,"#203 #M1 #KCR-1200D
()
#数量1；
 
",黄丽黎,——,"#203 #M1 #KCR-1200D
()
#数量1；
 
",,,,,,,0,,,,,,,待退回,进口基板,M1板,KCR-1200,待退回,,,,,——,电气进口基板,待定责,待定责,,,无需追偿,无需追偿,,,基板,实物待退回,,,2026-01-12,,,保养,,A2A100122,是,1,,钟立,,,不需要,,,,
MAZ25-4352,"MOMR85054,MOMR85054",A2A100126,上海分公司,上海金桥（集团）有限公司,"液晶显示屏黑屏跟换液晶显示板时发现印板元件有痕迹，现场发现AP1插件电源正负极反了   
快车司机无法运行P1板显示6E.64F更换轿内BC基板后快车运行正常",235,轿内基板,基板,LHS-1032B,1,,260027,,LHS-1032B,"24MAM16-201,24MAM16-201",2024/11/29,2026-01-12,,肖小,,,,—,,,,,,295线束C43B问题，厂家南洋，已提供相关线束导通证明,损件,电气,,国产基板,SMEC,,仓库品,点击按钮,,,,LHS-1032BS,Z06,84,L43LSA,待定责,A0203损件退回,yZJe3Dwzwi,,,SF5127580987060,,,,A2A100126,"#235 #轿内基板 #LHS-1032B
()
#数量1；
 
, #235 #轿内基板 #SE301A951 G17
()
#数量1；
 
",黄丽黎,——,"#235 #轿内基板 #LHS-1032B
()
#数量1；
 
",,,,,,,0,,,,,,,待退回,国产基板,轿内板,LHS-1032,待退回,,,,,——,电气国产基板,待定责,待定责,,,无需追偿,无需追偿,,,基板,实物待退回,,,2026-01-12,,,安装,,A2A100126,是,1,,"瞿玉玲,虞慧静",,,不需要,,,,
MAZ25-4352,"MOMR85054,MOMR85054",A2A100126,上海分公司,上海金桥（集团）有限公司,"液晶显示屏黑屏跟换液晶显示板时发现印板元件有痕迹，现场发现AP1插件电源正负极反了   
快车司机无法运行P1板显示6E.64F更换轿内BC基板后快车运行正常",235,轿内基板,基板,SE301A951 G17,1,,260028,,,"24MAM16-201,24MAM16-201",2024/11/29,2026-01-12,,肖小,,,,—,,,,,,295线束C43B问题，厂家南洋，已提供相关线束导通证明,损件,电气,,国产基板,吉盛,,外协品,点击按钮,,,,,Z06,85,,待定责,A0203损件退回,hLAFTbAAEE,,,SF5127580987060,,,,A2A100126,"#235 #轿内基板 #LHS-1032B
()
#数量1；
 
, #235 #轿内基板 #SE301A951 G17
()
#数量1；
 
",黄丽黎,——,"#235 #轿内基板 #SE301A951 G17
()
#数量1；
 
",,,,,,,0,,,,,,,待退回,国产基板,轿内板,SE301A95,待退回,,,,,——,电气国产基板,待定责,待定责,,,无需追偿,无需追偿,,,基板,实物待退回,,,2026-01-12,,,安装,,A2A100126,是,1,,"瞿玉玲,虞慧静",,,不需要,,,,
MBY26-0066,"EOMU8853,EOMU8852",A2A100128,嘉兴分公司,中建三局集团有限公司,外呼楼层无法切换楼层,366,外召板,基板,SE301A807 G02,1,,260029,,,"24MAL10-966,24MAL10-966",,2026-01-12,,肖小,,,,—,,,,,,,损件,装潢,,国产基板,宁波电子,,外协品,点击按钮,,,,,Z06,86,,待定责,A0203损件退回,w44CkZO46t,,,"SF5103215781579, SF5103215781579",,,,A2A100128,"#366 #外召板 #SE301A807 G02
()
#数量1；
 
, #366 #外召板 #SE301A807 G02
()
#数量1；
 
",黄丽黎,——,"#366 #外召板 #SE301A807 G02
()
#数量1；
 
",,,,,,,25,,,,,,,待退回,国产基板,外召板,SE301A80,待退回,,,,,——,装潢国产基板,待定责,待定责,,,无需追偿,无需追偿,,,基板,实物待退回,,,2026-01-13,,,保养,,A2A100128,是,1,,瞿玉玲,,,不需要,,,,
MBY26-0066,"EOMU8853,EOMU8852",A2A100128,嘉兴分公司,中建三局集团有限公司,外呼楼层无法切换楼层,366,外召板,基板,SE301A807 G02,1,,260030,,,"24MAL10-966,24MAL10-966",,2026-01-12,,肖小,,,,—,,,,,,,损件,装潢,,国产基板,宁波电子,,外协品,点击按钮,,,,,Z06,87,,待定责,A0203损件退回,eb6wNOPbgJ,,,"SF5103215781579, SF5103215781579",,,,A2A100128,"#366 #外召板 #SE301A807 G02
()
#数量1；
 
, #366 #外召板 #SE301A807 G02
()
#数量1；
 
",黄丽黎,——,"#366 #外召板 #SE301A807 G02
()
#数量1；
 
",,,,,,,25,,,,,,,待退回,国产基板,外召板,SE301A80,待退回,,,,,——,装潢国产基板,待定责,待定责,,,无需追偿,无需追偿,,,基板,实物待退回,,,2026-01-13,,,保养,,A2A100128,是,1,,瞿玉玲,,,不需要,,,,
MAZ26-0070,EXX815011,A2A100130,潍坊分公司,山东康达电梯工程有限公司,"快车运行中丢楼层，楼层丢失后P1板显示故障“83A”\“842”,更换M1板后电梯快车运行正常.",203,基板,基板,KCR-908B,1,,260031,,KCR-908B,26MAX10-RCT,,2026-01-12,,陈浦放,,,,—,,,,,,,损件,电气,,进口基板,稻电,,备库品,点击按钮,,,,KCR-908B,Z06,88,L43SP,待定责,A0203损件退回,tJ2r1dZRoF,,,SF3267905354437,,,,A2A100130,"#203 #基板 #KCR-908B
()
#数量1；
 
",黄丽黎,——,"#203 #基板 #KCR-908B
()
#数量1；
 
",,,,,,,45,,,,,,,待退回,进口基板,M1板,KCR-908B,待退回,,,,,——,电气进口基板,待定责,待定责,,,无需追偿,无需追偿,,,基板,实物待退回,,,2026-01-13,,,安装,,A2A100130,是,1,,钟立,,,不需要,,,,
MBY26-0074,EY6J35045,A2A100140,天津分公司,天津住宅集团建设工程总承包有限公司,"12月28号项目采购外呼印版一块，收货为国产印版，装上后使用5天黑屏，后办理三包，1月8号收到三包印版，使用2天又出现黑屏现象，更换同型号印版无故障,，望领导协助办理，还请总部给写入非标程序，感谢",366,外召板,基板,LHH-1005E G24,1,,260032,,LHH-1005E G24,14MAX10-468,,2026-01-12,,肖小,,,,—,,,,,,,损件,装潢,,国产基板,宁波电子,,仓库品,点击按钮,,,,LHH-1005EG24S,Z06,89,L43H8S,待定责,A0203损件退回,Mq5TerJsbo,,,SF3267384185312,,,,A2A100140,"#366 #外召板 #LHH-1005E G24
()
#数量1；
 
",黄丽黎,——,"#366 #外召板 #LHH-1005E G24
()
#数量1；
 
",,,,,,,4,,,,,,,待退回,国产基板,外召板,LHH-1005,待退回,,,,,——,装潢国产基板,待定责,待定责,,,无需追偿,无需追偿,,,基板,实物待退回,,,2026-01-13,,,保养,,A2A100140,是,1,,瞿玉玲,,,不需要,,,,
MBY26-0082,EOFH51132,A2A100141,深圳分公司,深圳深中富电梯有限公司,外招板显示箭头有缺失，经查是外招板故障，更换后正常,366,外召板,基板,LHH-1200E G64,1,,260033,,LHH-1200E G64,21MAL16-376,,2026-01-12,,肖小,,,,—,,,,,,,损件,装潢,,国产基板,SMEC,,仓库品,点击按钮,,,,LHH-1200EG64S,Z06,90,L43PYS,待定责,A0203损件退回,splFhJwUbw,,,SF5129440778395,,,,A2A100141,"#366 #外召板 #LHH-1200E G64
()
#数量1；
 
",黄丽黎,——,"#366 #外召板 #LHH-1200E G64
()
#数量1；
 
",,,,,,,0,,,,,,,待退回,国产基板,外召板,LHH-1200,待退回,,,,,——,装潢国产基板,待定责,待定责,,,无需追偿,无需追偿,,,基板,实物待退回,,,2026-01-13,,,保养,,A2A100141,是,1,,瞿玉玲,,,不需要,,,,
MAZ25-4265,EOGC9012,A2A100142,无锡分公司,无锡市天骥电梯工程有限公司,门机板故障（111故障）无法正常开关门，故需要办理三包，望总部批准！备注：合同关于质保约定：出厂后30个月，验收后24个月。请见附件！,231,门基板,基板,DOR-1341A,1,,260034,,DOR-1341A,23MAL16-205,,2026-01-12,,肖小,,,,—,,,,,,,损件,电气,,进口基板,稻电,,仓库品,点击按钮,,,,YX403C040G01,Z06,91,L43WS,待定责,A0203损件退回,s9GCJLSXN1,,,SF5129440778386,,,,A2A100142,"#231 #门基板 #DOR-1341A
()
#数量1；
 
",黄丽黎,——,"#231 #门基板 #DOR-1341A
()
#数量1；
 
",,,,,,,0,,,,,,,待退回,进口基板,门机板,DOR-1341,待退回,,,,,——,电气进口基板,待定责,待定责,,,无需追偿,无需追偿,,,基板,实物待退回,点击按钮,,2026-01-13,,,安装,,A2A100142,是,1,,虞慧静,,,不需要,,,,
MBY26-0079,"EOFD15080,EOFD10036",A2A100144,浙江分公司,杭州西映电气有限公司,2个外招都不能正常使用，故向三包部申请三包，望批准,366,外召板,基板,SE301A807 G02,1,,260035,,,"23MAX10-187,23MAX10-182",2023/03/29,2026-01-13,,肖小,,,,—,,,,,,,损件,装潢,,国产基板,宁波电子,,备库品,点击按钮,,,,,Z06,93,,待定责,A0203损件退回,pSk63XayDq,,,"SF3267384185303, SF3267384185303",,,,A2A100144,"#366 #外召板 #SE301A807 G02
()
#数量1；
 
, #366 #外召板 #SE301A807 G02
()
#数量1；
 
",黄丽黎,——,"#366 #外召板 #SE301A807 G02
()
#数量1；
 
",,,,,,,25,,,,,,,待退回,国产基板,外召板,SE301A80,待退回,,,,,——,装潢国产基板,待定责,待定责,,,无需追偿,无需追偿,,,基板,实物待退回,,,2026-01-13,,,保养,,A2A100144,是,1,,瞿玉玲,,,不需要,,,,
MBY26-0079,"EOFD15080,EOFD10036",A2A100144,浙江分公司,杭州西映电气有限公司,2个外招都不能正常使用，故向三包部申请三包，望批准,366,外召板,基板,SE301A807 G02,1,,260036,,,"23MAX10-187,23MAX10-182",2023/03/29,2026-01-13,,肖小,,,,—,,,,,,,损件,装潢,,国产基板,宁波电子,,备库品,点击按钮,,,,,Z06,94,,待定责,A0203损件退回,6LfRXyMb9j,,,"SF3267384185303, SF3267384185303",,,,A2A100144,"#366 #外召板 #SE301A807 G02
()
#数量1；
 
, #366 #外召板 #SE301A807 G02
()
#数量1；
 
",黄丽黎,——,"#366 #外召板 #SE301A807 G02
()
#数量1；
 
",,,,,,,25,,,,,,,待退回,国产基板,外召板,SE301A80,待退回,,,,,——,装潢国产基板,待定责,待定责,,,无需追偿,无需追偿,,,基板,实物待退回,,,2026-01-13,,,保养,,A2A100144,是,1,,瞿玉玲,,,不需要,,,,
MAZ25-4277,EOLN99035,A2A100152,福建分公司,国家税务总局福建省税务局,现场电梯电瓶应急电源送电后快慢车不能运行，电梯死机不运行,203,基板,基板,KCR-908B,1,,260037,,KCR-908B,24MAX10-RUR,,2026-01-13,,陈浦放,,,,—,,,,,,,损件,电气,,进口基板,稻电,,仓库品,点击按钮,,,,KCR-908B,Z06,95,L43SP,待定责,A0203损件退回,H3Kj6BR141,,,SF5103853154864,,,,A2A100152,"#203 #基板 #KCR-908B
()
#数量1；
 
",黄丽黎,——,"#203 #基板 #KCR-908B
()
#数量1；
 
",,,,,,,45,,,,,,,待退回,进口基板,M1板,KCR-908B,待退回,,,,,——,电气进口基板,待定责,待定责,,,无需追偿,无需追偿,,,基板,实物待退回,,,2026-01-14,,,安装,,A2A100152,是,1,,钟立,,,不需要,,,,
MBY26-0076,"EONR18135,EONR23201",A2A100158,上海分公司,上海百联中环购物广场有限公司,观1电梯B1F、观8电梯3F外呼印板缺笔画,366,外召板,基板,SE306A056 G64,1,,260038,,,"25MAL10-RAH,25MAL10-RAN",2025/03/31,2026-01-13,,肖小,,,,—,,,,,,,损件,装潢,,国产基板,宁波电子,,外协品,点击按钮,,,,,Z06,96,,待定责,A0203损件退回,CMU2JMzBzy,,,SF1568630936120,,,,A2A100158,"#366 #外召板 #SE306A056 G64
()
#数量1；
 
, #366 #外召板 #SE306A056 G64
()
#数量1；
 
",黄丽黎,——,"#366 #外召板 #SE306A056 G64
()
#数量1；
 
",,,,,,,20,,,,,,,待退回,国产基板,外召板,SE306A05,待退回,,,,,——,装潢国产基板,待定责,待定责,,,无需追偿,无需追偿,,,基板,实物待退回,,,2026-01-14,,,保养,,A2A100158,是,1,,瞿玉玲,,,不需要,,,,
MBY26-0076,"EONR18135,EONR23201",A2A100158,上海分公司,上海百联中环购物广场有限公司,观1电梯B1F、观8电梯3F外呼印板缺笔画,366,外召板,基板,SE306A056 G64,1,,260039,,,"25MAL10-RAH,25MAL10-RAN",2025/03/31,2026-01-14,,肖小,,,,—,,,,,,,损件,装潢,,国产基板,宁波电子,,外协品,点击按钮,,,,,Z06,100,,待定责,A0203损件退回,qRoUqWaPly,,,SF1568630936120,,,,A2A100158,"#366 #外召板 #SE306A056 G64
()
#数量1；
 
, #366 #外召板 #SE306A056 G64
()
#数量1；
 
",黄丽黎,——,"#366 #外召板 #SE306A056 G64
()
#数量1；
 
",,,,,,,20,,,,,,,待退回,国产基板,外召板,SE306A05,待退回,,,,,——,装潢国产基板,待定责,待定责,,,无需追偿,无需追偿,,,基板,实物待退回,,,2026-01-14,,,保养,,A2A100158,是,1,,瞿玉玲,,,不需要,,,,
MBY26-0081,MOGA66372,A2A100159,苏州分公司,通州建总集团有限公司苏州园区分公司,"电梯报UCMP动作，80b/83b,怀疑R2板故障，更换后恢复，申请给予三包处理。",203,R2板,基板,KCA-1009A,1,,260040,,KCA-1009A,23MAH18-123,2023/10/06,2026-01-14,,陈浦放,,,,—,,,,,,,损件,电气,,进口基板,稻电,,仓库品,点击按钮,,,,KCA-1009A,Z06,101,L43EZ,待定责,A0203损件退回,2NqScwQL6k,,,SF5103488260234,,,,A2A100159,"#203 #R2板 #KCA-1009A
()
#数量1；
 
",黄丽黎,——,"#203 #R2板 #KCA-1009A
()
#数量1；
 
",,,,,,,0,,,,,,,待退回,进口基板,R2板,KCA-1009,待退回,,,,,——,电气进口基板,待定责,待定责,,,无需追偿,无需追偿,,,基板,实物待退回,,,2026-01-14,,,保养,,A2A100159,是,1,,钟立,,,不需要,,,,
MBY26-0083,EOGA59165,A2A100169,惠州分公司,深圳领潮供应链管理有限公司,轿厢显示屏插针损坏导致多媒体部显示,235,轿厢电源板,基板,SE301A951 G17,1,,260041,,,23MAX16-154,2023/7/4,2026-01-14,,肖小,,,,—,,,,,,,损件,电气,,国产基板,吉盛,,外协品,点击按钮,,,,,Z06,102,,待定责,A0203损件退回,xA6ClsGjGc,,,SF5103846271403,,,,A2A100169,"#235 #轿厢电源板 #SE301A951 G17
()
#数量1；
 
",黄丽黎,——,"#235 #轿厢电源板 #SE301A951 G17
()
#数量1；
 
",,,,,,,0,,,,,,,待退回,国产基板,轿内板,SE301A95,待退回,,,,,——,电气国产基板,待定责,待定责,,,无需追偿,无需追偿,,,基板,实物待退回,,,2026-01-15,,,保养,,A2A100169,是,1,,"瞿玉玲,虞慧静",,,不需要,,,,
MAZ25-3789,EOOO32135,A2A100170,深圳分公司,深圳市舒达电梯工程有限公司,"外招没有显示，经查是电源板故障，更换后正常
是层站的电源盒里，实物已经寄回给您了
已补充印板故障调查表",280,电源板,基板,SE201C168 -01,1,,260042,,,25MAX10-SDD,2025/9/9,2026-01-14,,肖小,,,,—,,,,,,,损件,电气,,国产基板,南通圣泰,,外协品,点击按钮,,,,,Z06,103,,待定责,A0203损件退回,d9qqFnwmcC,,,SF3267923611477,,,,A2A100170,"#280 #电源板 #SE201C168 -01
()
#数量1；
 
",黄丽黎,——,"#280 #电源板 #SE201C168 -01
()
#数量1；
 
",,,,,,,0,,,,,,,待退回,国产基板,电源板,SE201C16,待退回,,,,,——,电气国产基板,待定责,待定责,,,无需追偿,无需追偿,,,基板,实物待退回,,,2026-01-15,,,安装,,A2A100170,是,1,,,,,不需要,,,,
MBY26-0089,EOMD82030,A2A100171,湖南分公司,湖南速通电梯有限公司,外招印板出现感叹号，经更换好的外呼印板后，电梯楼层显示正常。,366,外呼印板,基板,SE301A807 G02,1,,260043,,,24MAX13-328,2024/07/31,2026-01-15,,肖小,,,,—,,,,,,,损件,装潢,,国产基板,宁波电子,,备库品,点击按钮,,,,,Z06,104,,待定责,A0203损件退回,9UUjewUIUA,,,SF3267929379342,,,,A2A100171,"#366 #外呼印板 #SE301A807 G02
()
#数量1；
 
",黄丽黎,——,"#366 #外呼印板 #SE301A807 G02
()
#数量1；
 
",,,,,,,25,,,,,,,待退回,国产基板,外召板,SE301A80,待退回,,,,,——,装潢国产基板,待定责,待定责,,,无需追偿,无需追偿,,,基板,实物待退回,,,2026-01-15,,,保养,,A2A100171,是,1,,瞿玉玲,,,不需要,,,,
MAZ25-3788,EOOQ9005,A2A100178,深圳分公司,深圳市印力物业服务有限公司信托花园,"外招没有显示，经查是电源板故障，更换电源板后正常
已补充印板故障调查表",280,电源板,基板,SE201C168  -01,1,,260044,,,25MAX09-RBL,2025/10/4,2026-01-15,,肖小,,,,—,,,,,,,损件,电气,,国产基板,睿德磬,,外协品,点击按钮,,,,,Z06,105,,待定责,A0203损件退回,LtJuXK0nO7,,,SF5103886278568,,,,A2A100178,"#280 #电源板 #SE201C168  -01
()
#数量1；
 
",黄丽黎,——,"#280 #电源板 #SE201C168  -01
()
#数量1；
 
",,,,,,,0,,,,,,,待退回,国产基板,电源板,SE201C16,待退回,,,,,——,电气国产基板,待定责,待定责,,,无需追偿,无需追偿,,,基板,实物待退回,,,2026-01-15,,,安装,,A2A100178,是,1,,,,,不需要,,,,
MBY26-0132,EOMP00010,A2A100187,烟台分公司,山东省上海三菱电梯特约代理有限公司,现场电梯外呼全部闪烁，电梯不运行，拔掉12楼外呼后，电梯其他外呼全部显示正常，电梯可以正常运行,366,外招板,基板,SE306A059 G01,1,,260045,,,24MAL10-635,2025/04/03,2026-01-15,,肖小,,,,—,,,,,,,损件,装潢,,国产基板,宁波电子,,外协品,点击按钮,,,,,Z06,107,,待定责,A0203损件退回,K9ZJrtDaIb,,,SF5129263094917,,,,A2A100187,"#366 #外招板 #SE306A059 G01
()
#数量1；
 
",黄丽黎,——,"#366 #外招板 #SE306A059 G01
()
#数量1；
 
",,,,,,,25,,,,,,,待退回,国产基板,外召板,SE306A05,待退回,,,,,——,装潢国产基板,待定责,待定责,,,无需追偿,无需追偿,,,基板,实物待退回,,,2026-01-16,,,保养,,A2A100187,是,1,,瞿玉玲,,,不需要,,,,
MAZ26-0133,EOIC53201,A2A100188,广东分公司,广州索菲亚置业有限公司,现场更换副屏，副屏连接后显示屏不亮。更换主屏的显示板后，副屏显示恢复。判断主屏的显示板故障，申请三包主屏显示板，请审核，谢谢。,235,轿内显示板,基板,SE301A951 G17,1,,260046,,,23MAL10-490,2023/11/30,2026-01-15,,肖小,,,,—,,,,,,,损件,电气,,国产基板,吉盛,,外协品,点击按钮,,,,,Z06,108,,待定责,A0203损件退回,UcV97A4GOa,,,SF5101548026406,,,,A2A100188,"#235 #轿内显示板 #SE301A951 G17
()
#数量1；
 
",黄丽黎,——,"#235 #轿内显示板 #SE301A951 G17
()
#数量1；
 
",,,,,,,0,,,,,,,待退回,国产基板,轿内板,SE301A95,待退回,,,,,——,电气国产基板,待定责,待定责,,,无需追偿,无需追偿,,,基板,实物待退回,,,2026-01-19,,,安装,,A2A100188,是,1,,"瞿玉玲,虞慧静",,,不需要,,,,
MAZ26-0153,EOMJ59190,A2A100192,粤西分公司,茂名市电白区飞鹏房地产开发有限公司,19#电梯不能正常运行，门机板没有显示，经检查发现电源板有输入没有输出，更换同型号后电梯恢复正常，申请三包维修，谢谢,280,电源板,基板,SX59LX-208,1,,260047,,SX59LX-208,21MAX10-749,2025/6/27,2026-01-16,,肖小,,,,—,,,,,,,损件,电气,,进口基板,TNK,,仓库品,点击按钮,,,,SX59LX-208,Z06,152,R22DS,待定责,A0203损件退回,MJUvfba5Gf,,,SF3267810229620,,,,A2A100192,"#280 #电源板 #SX59LX-208
()
#数量1；
 
",黄丽黎,——,"#280 #电源板 #SX59LX-208
()
#数量1；
 
",,,,,,,0,,,,,,,待退回,进口基板,电源板,SX59LX-2,待退回,,,,,——,电气进口基板,待定责,待定责,,,无需追偿,无需追偿,,,基板,实物待退回,,,2026-01-19,,,安装,,A2A100192,是,1,,,,,不需要,,,,
MAZ26-0123,MOFB48020,A2A100199,汕头分公司,汕头明润实业发展有限公司,慢车无法运行，更换R1板后故障消除。申请三包！,203,R1板,基板,KCA-1081B,1,,260048,,KCA-1081B,23MAM13-108,2023/3/10,2026-01-19,,陈浦放,,,,—,,,,,,,损件,电气,,进口基板,稻电,,仓库品,点击按钮,,,,KCA-1081B,Z06,158,L43AM,待定责,,qjDDDYNUof,,,SF3267534481207,,,,A2A100199,"#203 #R1板 #KCA-1081B
()
#数量1；
 
",黄丽黎,——,"#203 #R1板 #KCA-1081B
()
#数量1；
 
",,,,,,,0,,,,,,,待退回,进口基板,R1板,KCA-1081,待退回,,,,,——,电气进口基板,待定责,待定责,,,无需追偿,无需追偿,,,基板,实物待退回,,,2026-01-20,,,安装,,A2A100199,是,1,,钟立,,,不需要,,,,
MBY26-0168,EOMP86025,A2A100201,嘉兴分公司,浙江荣晟环保纸业股份有限公司,层站外呼黑屏,366,外呼显示板,基板,SE306A059 G01,1,,260049,,,24MAX13-391,2024/10/30,2026-01-19,,肖小,,,,—,,,,,,,损件,装潢,,国产基板,宁波电子,,外协品,点击按钮,,,,,Z06,159,,待定责,,4pIKksOcjJ,,,SF5120779564743,,,,A2A100201,"#366 #外呼显示板 #SE306A059 G01
()
#数量1；
 
",黄丽黎,——,"#366 #外呼显示板 #SE306A059 G01
()
#数量1；
 
",,,,,,,25,,,,,,,待退回,国产基板,外召板,SE306A05,待退回,,,,,——,装潢国产基板,待定责,待定责,,,无需追偿,无需追偿,,,基板,实物待退回,,,2026-01-20,,,保养,,A2A100201,是,1,,瞿玉玲,,,不需要,,,,
MBY26-0137,EOES06504,A2A100210,深圳分公司,深圳市前海建设投资控股集团有限公司,"电梯运行中急停，经查是印板故障，更换后正常
该项目条款是：自全部电梯安装完毕，取得特种设备检验合格证，自项目工程竣工验收合格之日起算，该项目是2023.12.08竣工验收",203,驱动板,基板,KCR-1166C,1,,260050,,KCR-1166C,21MAL16-486,2022/11/01,2026-01-19,,陈浦放,,,,—,,,,,,,损件,电气,,,,,,,,,,KCR-1166C,Z06,160,L43ST,待定责,,JzVDlQjrcC,,,,,,,A2A100210,"#203 #驱动板 #KCR-1166C
()
#数量1；
 
",黄丽黎,——,"#203 #驱动板 #KCR-1166C
()
#数量1；
 
",,,,,,,0,,,,,,,待退回,,M1板,KCR-1166,待退回,,,,,——,电气,待定责,待定责,,,无需追偿,无需追偿,,,基板,实物待退回,,,2026-01-21,,,保养,,,是,1,,钟立,,,不需要,,,,
MBY26-0173,EXLT2406,A2A100211,南通分公司,南通建工集团股份有限公司,外招按钮功能正常，但按钮常亮；这几天比较严重，目前已经报修70多起，客户未政府现场，最近正在召开 区两会和市两会，比较着急,366,外召板,基板,LHH-1005E G21,1,,260051,,LHH-1005E G21,19MAX12-241,2019/12/28,2026-01-19,,肖小,,,,—,,,,,,,损件,装潢,,,,,,,,,,LHH-1005EG21S,Z06,161,L43H7S,待定责,,0TVTHuFgEo,,,,,,,A2A100211,"#366 #外召板 #LHH-1005E G21
()
#数量1；
 
",黄丽黎,——,"#366 #外召板 #LHH-1005E G21
()
#数量1；
 
",,,,,,,0,,,,,,,待退回,,外召板,LHH-1005,待退回,,,,,——,装潢,待定责,待定责,,,无需追偿,无需追偿,,,基板,实物待退回,,,2026-01-21,,,保养,,,是,1,,瞿玉玲,,,不需要,,,,
,,,,,,,,基板,,,,260051,,,,,2026-01-21,,,,,,—,,,,,,,,未知,,,,,,,,,,,Z06,175,Q49C3,待定责,,8LbqCxxKBY,,,,,,,,,黄丽黎,——,"# # #
()
#数量；
 
",,,,,,,0,,,,,,,待退回,,,,待退回,,,,,——,未知,待定责,待定责,,,无需追偿,无需追偿,,,基板,实物待退回,,,2026-01-21,,,其他,,,否,0,,,,,不需要,,,,
,,,,,,,,基板,,,,260051,,,,,2026-01-21,,,,,,—,,,,,,,,未知,,,,,,,,,,,Z06,176,Q49C3,待定责,,Pbd3T24SCM,,,,,,,,,黄丽黎,——,"# # #
()
#数量；
 
",,,,,,,0,,,,,,,待退回,,,,待退回,,,,,——,未知,待定责,待定责,,,无需追偿,无需追偿,,,基板,实物待退回,,,2026-01-21,,,其他,,,否,0,,,,,不需要,,,,
,,,,,,,,基板,,,,260051,,,,,2026-01-21,,,,,,—,,,,,,,,未知,,,,,,,,,,,Z06,177,Q49C3,待定责,,FMLbi3yaXf,,,,,,,,,黄丽黎,——,"# # #
()
#数量；
 
",,,,,,,0,,,,,,,待退回,,,,待退回,,,,,——,未知,待定责,待定责,,,无需追偿,无需追偿,,,基板,实物待退回,,,2026-01-21,,,其他,,,否,0,,,,,不需要,,,,
MAZ26-0184,安装,EOQO53046,金华分公司,金华旭丰建筑工程有限公司,MAXIEZ-CZ,,,103,,,,NA266B939 G06,,,,25MAL10-178,2026-01-19,,,,,,—,,,,,,,2025/12/8,未知,,,,,A2A100212,,,,,,Z06,162,Q49C3,待定责,,mZlp12HkFY,,1,,,,,EOQO53046,"# # #
()
#数量；
 
",黄丽黎,——,"# # #
()
#数量；
 
",,,,,,,0,,,,,,,待退回,,,,待退回,,,,,——,未知,待定责,待定责,,,无需追偿,无需追偿,,,基板,实物待退回,,,2026-01-21,,,安装,,,是,0,,,,,不需要,,,,
MAZ26-0175,安装,EOOO13202,深圳分公司,深圳市舒达电梯工程有限公司,MAXIEZ-CZ,,,235,,,,SE301A951 G17,,,,25MAX10-RJM,2026-01-19,,,,,,—,,,,,,,2025/9/8,未知,,,,,A2A100213,,,,,,Z06,163,Q49C3,待定责,,ZPKugl4krf,,1,,,,,EOOO13202,"# # #
()
#数量；
 
",黄丽黎,——,"# # #
()
#数量；
 
",,,,,,,0,,,,,,,待退回,,,,待退回,,,,,——,未知,待定责,待定责,,,无需追偿,无需追偿,,,基板,实物待退回,,,2026-01-21,,,安装,,,是,0,,,,,不需要,,,,
MAZ26-4365,EOJW90275,A2A100069,深圳分公司,深圳市建筑工务署文体和水务工程管理,现场到货后开箱将将护脚板放在一起，现安装的时候有21块的长度是1150mm，长度短了。其他的是1250mm.三台梯已没法确认是哪台的尺寸有误。,371,层门护脚板,,SE303B122-33 L11 LSA,21,,260021,,,ME23M-3435,2024/7/17,2026-01-04,,高卫锋,,,是,1000124,,,,,,无相关照片,错件,装潢,T18,一类整外,宁波鸿腾,,,,,,,,Z06,31,,L 制造部・资材科（外协）,A0308错件（装箱）（含整箱错误）,0OHkqy33GI,,,SF5129017855365,,,,A2A100069,"#371 #层门护脚板 #SE303B122-33 L11 LSA
()
#数量21；
 
, #371 #层门护脚板 #SE303B122-33 L11 LSA
()
#数量1；
 
",黄丽黎,——,"#371 #层门护脚板 #SE303B122-33 L11 LSA
()
#数量21；
 
",,,,,,,0,,,,,宁波鸿腾精密制造股份有限公司,,非现场责任,一类整外,,SE303B12,外协责任一类整外,,,,,外协制造,装潢一类整外,非现场责任,外协责任,,,需要追偿,无需追偿,,外协制造,基板,,,,2026-01-09,2026-01-19,,安装,,A2A100069,是,21,,乐善毅,,,需要,,,,
MAZ26-4365,"EOLA26281
EOJW95293",A2A100069,深圳分公司,深圳市建筑工务署文体和水务工程管理,现场到货后开箱将将护脚板放在一起，现安装的时候有21块的长度是1150mm，长度短了。其他的是1250mm.三台梯已没法确认是哪台的尺寸有误。,371,层门护脚板,,SE303B122-33 L11 LSA,1,,260021,,,ME23M-3471,2024/7/17,2026-01-04,,高卫锋,,,是,—,,,,,,南翔装箱照片尺寸正确,错件,装潢,T18,一类整外,江苏聚力,,,,,,,,Z06,32,,S 工程部・技术品质科（现场）,A0201安装差错,MaUvyl7hgE,,,SF5129017855365,,,,A2A100069,"#371 #层门护脚板 #SE303B122-33 L11 LSA
()
#数量21；
 
, #371 #层门护脚板 #SE303B122-33 L11 LSA
()
#数量1；
 
",黄丽黎,——,"#371 #层门护脚板 #SE303B122-33 L11 LSA
()
#数量1；
 
",,,,,,,0,,,,,工地责任,,现场责任,一类整外,,SE303B12,现场责任,,,,,——,装潢一类整外,现场责任,现场责任,,,需要追偿,无需追偿,,安装保管,基板,,,,2026-01-09,2026-01-19,,安装,,A2A100069,是,1,,乐善毅,,,需要,,,,
MAZ26-4368,"MOMC37160
MOMC26170",,深圳分公司,深圳市建筑工务署文体和水务工程管理,轿厢内操纵箱显示屏的塑料面板中间部位会鼓包，详见附件，是更换面板还是操纵箱,235,显示板,非基板,SE304A302-11,2,,260021,,,ME24M-1538,2024/10/5,2026-01-04,,肖小,,,,—,,,,,,,损件,电气,C13,非整外,山升工贸,,,,,,,,Z06,33,,待定责,A0203损件退回,xrhJCbtRKx,,,,,,,,,黄丽黎,——,"#235 #显示板 #SE304A302-11
()
#数量2；
 
",,,,,,,0,,,,,,,待退回,非整外,,SE304A30,待退回,,,,,——,电气非整外,待定责,待定责,,,无需追偿,无需追偿,,,基板,实物待退回,,,2026-01-09,,,安装,,,是,2,,"瞿玉玲,虞慧静",,,不需要,,,,
MAZ26-4380,EOOM0502,,北京分公司,怡筑新建筑（上海）有限公司,该项目2号电梯自18号启用以来故障频发，此前报故障静态力矩不足，现场施工人员按技术指导调整后，运行一段时间仍发生故障。调验员现场排查发现制动面有少量油污，可能由此导致的静态力矩不足，此前提交技术支援经分室确认判定抱闸打磨不充分，已告知安装单位充分打磨，如后续仍出故障，需更换制动靴。现电梯打磨后正常运行一周时间，再次出现上述故障，特申请三包更换一套制动靴。,101,靴组装,非基板,NA143D151-02,2,,260021,,,GX25M-A506,2025/7/7,2026-01-05,,袁亦晨,,,,—,,,,,,,损件,机械,C01,内做,MESE,,,,,,,,Z06,34,,待定责,,g9H9nou4LY,,,,,,,,,黄丽黎,——,"#101 #靴组装 #NA143D151-02
()
#数量2；
 
",,,,,,,0,,,,,,,待退回,内做,,NA143D15,待退回,,,,,——,机械内做,待定责,待定责,,,无需追偿,无需追偿,,,基板,实物待退回,,,2026-01-09,,,安装,,,是,2,,"朱正军,张正军",,,不需要,,,,
MAZ25-4344,EOML1809,A2A100084,内蒙古分公司,内蒙古兴原电梯销售有限公司,"标识“2000kg，24人”，应该是2000kg、26人。
9#梯和10#梯的开孔一致，应该是9#梯12层不停
面板后无线卡，安装时，操纵箱面板后所有的线无法固定。",321,袖壁,,-,2,,,,,ME24M-2419,2024/11/28,2025-12-30,,高卫锋,,,是,—,,,,,,设计错误,错件,装潢,C13,内做,MESE,,,,,,,,Z06,35,,G 营业部,A0503营业设计错误（新梯）,6GN7ELGTwo,,,SF5129406772762,,,,A2A100084,"#321 #袖壁 #-
()
#数量2；
 
",朱俊璘,——,"#321 #袖壁 #-
()
#数量2；
 
",,,,,,,0,,,,,MESE营业技术科,,非现场责任,内做,,,MESE内部责任,,,,,厂内设计,装潢内做,非现场责任,MESE内部责任,,,无需追偿,无需追偿,,设计手配,非基板,,,,2026-01-09,2026-01-19,,安装,,A2A100084,是,2,,"王佳,龚金,孙小泉",,,不需要,,,,
MBY25-4357,EOMA70095,A2A100070,福建分公司,福建榕发置地有限公司福州晋安分公司,电梯无法正常关门，且报称量故障。称量差动变压器损坏，借调配件后恢复，关门故障光幕黄灯常亮，调换光幕线后恢复正常。申请对光幕连接线和差动变压器进行三包处理。,122,差动变压器,非基板,NX401D002-01,1,,,,,ME24M-1371,2024/8/16,2025-12-30,,肖小,,,,—,,,,,,,损件,机械,C15,二类整外,海安申菱,,,,,,,,Z06,36,,待定责,A0203损件退回,h0tPCKLfWu,,,SF3265665786743,,,,A2A100070,"#122 #差动变压器 #NX401D002-01
()
#数量1；
 
",朱俊璘,——,"#122 #差动变压器 #NX401D002-01
()
#数量1；
 
",,,,,,,0,,,,,,,待退回,二类整外,,,待退回,,,,,——,机械二类整外,待定责,待定责,,,无需追偿,无需追偿,,,非基板,实物待退回,,,2026-01-09,,,保养,,A2A100070,是,1,,瞿玉玲,,,不需要,,,,
MAZ25-4351,MOOQ88085,A2A100071,广东分公司,深圳市海博工程科技有限公司广州分公,现场反馈8号电梯快车调试，发现水位开关短路，报635故障码。检查各线路及电压均正常，更换新水位开关后运行恢复正常，判断水位开关故障，申请三包，请审核，谢谢。,281,水位开关,非基板,SE202C004-01,1,,,,,GX25M-A989,2025/9/20,2025-12-30,,肖小,,,,—,,,,,,,损件,电气,C15,二类整外,睿德磬,,,,,,,,Z06,37,,待定责,A0203损件退回,VahXyBbtmq,,,SF3265865652224,,,,A2A100071,"#281 #水位开关 #SE202C004-01
()
#数量1；
 
",朱俊璘,——,"#281 #水位开关 #SE202C004-01
()
#数量1；
 
",,,,,,,0,,,,,,,待退回,二类整外,,,待退回,,,,,——,电气二类整外,待定责,待定责,,,无需追偿,无需追偿,,,非基板,实物待退回,,,2026-01-09,,,安装,,A2A100071,是,1,,,,,不需要,,,,
MAZ25-4349,EOOU05173,A2A100072,深圳分公司,深圳顺邦物业集团有限公司春华四季园,现场开箱清点，缺少轿顶检修灯，检修开关，申请补发,294,轿顶检修灯,,SE200D388-01,1,,,,,GX25M-B306,2025/10/28,2025-12-30,,肖小,,,,—,,,,,,,缺件,电气,T18,一类整外,宁波鸿腾,,,,,,,,Z06,38,,S 工程部・技术品质科（现场）,A0201安装差错,q6PNGdb7Mp,,,SF5103185228015,,,,A2A100072,"#294 #轿顶检修灯 #SE200D388-01
()
#数量1；
 
, #266 #检修开关 #SE304A270 G01
()
#数量1；
 
",朱俊璘,——,"#294 #轿顶检修灯 #SE200D388-01
()
#数量1；
 
",,,,,,,0,,,,,现场责任,,现场责任,一类整外,,,现场责任,,,,,——,电气一类整外,现场责任,现场责任,,,需要追偿,无需追偿,,安装保管,非基板,缺件无需退回,,,2026-01-09,2026-01-14,,安装,,A2A100072,是,1,,瞿玉玲,,,需要,,,,
MAZ25-4349,EOOU05173,A2A100072,深圳分公司,深圳顺邦物业集团有限公司春华四季园,现场开箱清点，缺少轿顶检修灯，检修开关，申请补发,266,检修开关,,SE304A270 G01,1,,,,,GX25M-B306,2025/10/28,2025-12-30,,肖小,,,,—,,,,,,,缺件,电气,C15,二类整外,菱川,,,,,,,,Z06,39,,S 工程部・技术品质科（现场）,A0201安装差错,qRR5DywsdH,,,SF5103185228015,,,,A2A100072,"#294 #轿顶检修灯 #SE200D388-01
()
#数量1；
 
, #266 #检修开关 #SE304A270 G01
()
#数量1；
 
",朱俊璘,——,"#266 #检修开关 #SE304A270 G01
()
#数量1；
 
",,,,,,,0,,,,,现场责任,,现场责任,二类整外,,,现场责任,,,,,——,电气二类整外,现场责任,现场责任,,,需要追偿,无需追偿,,安装保管,非基板,缺件无需退回,,,2026-01-09,2026-01-14,,安装,,A2A100072,是,1,,瞿玉玲,,,需要,,,,
MBY25-4348,MOND32052,,深圳分公司,深圳市万科物业服务有限公司俊园物业,导向轮的绳槽出现磨损，压痕严重。申请三包处理,102,导向轮,非基板,NA271B913-04,1,,,,,GX24M-B024,2025/2/20,2025-12-30,,张琛林,,,,—,,,,,,,损件,机械,T21,一类整外,林善,,,,,,,,Z06,40,,待定责,,dAuPgttETS,,,,,,,,,朱俊璘,——,"#102 #导向轮 #NA271B913-04
()
#数量1；
 
",,,,,,,0,,,,,,,待退回,一类整外,,,待退回,,,,,——,机械一类整外,待定责,待定责,,,无需追偿,无需追偿,,,非基板,实物待退回,,,2026-01-09,,,保养,,,是,1,,张正军,,,不需要,,,,
MAZ25-4360,EONU52042,A2A100073,北京分公司,北京四方恒通电梯工程有限公司,手柄电动松闸不起作用，紧急电动运行不起作用，更换后正常.,366,无机房主操作盘,非基板,SE301B565-03,1,,,,,GX25M-A453,2025/7/26,2025-12-30,,肖小,,,,—,,,,,,,损件,装潢,C15,非整外,菱川,,,,,,,,Z06,41,,待定责,A0203损件退回,DMRTii3UhJ,,,SF3265807148345,,,,A2A100073,"#366 #无机房主操作盘 #SE301B565-03
()
#数量1；
 
",朱俊璘,——,"#366 #无机房主操作盘 #SE301B565-03
()
#数量1；
 
",,,,,,,0,,,,,,,待退回,非整外,,,待退回,,,,,——,装潢非整外,待定责,待定责,,,无需追偿,无需追偿,,,非基板,实物待退回,,,2026-01-09,,,安装,,A2A100073,是,1,,瞿玉玲,,,不需要,,,,
MAZ26-0001,EOOV31011,A2A100075,深圳分公司,深圳市舒达电梯工程有限公司,电梯不能运行，经查是平层感应器故障，更换后正常,226,电磁接近开关,非基板,SE201C280-01,1,,,,,GX25M-B432,2025/12/10,2026-01-05,,陈浦放,,,,—,,,,,,,损件,电气,C15,二类整外,南通圣泰,,,,,,,,Z06,42,,待定责,A0203损件退回,mqvKj9AoDc,,,SF3265619132419,,,,A2A100075,"#226 #电磁接近开关 #SE201C280-01
()
#数量1；
 
",朱俊璘,——,"#226 #电磁接近开关 #SE201C280-01
()
#数量1；
 
",,,,,,,0,,,,,,,待退回,二类整外,,,待退回,,,,,——,电气二类整外,待定责,待定责,,,无需追偿,无需追偿,,,非基板,实物待退回,,,2026-01-09,,,安装,,A2A100075,是,1,,,,,不需要,,,,
MAZ25-4314,EOON49060,A2A100077,深圳分公司,深圳市金稻田物业管理有限公司,现场开箱清点，轿顶装饰板有一块已破损不能使用，申请三包更换,321,轿顶灯罩,非基板,NA239B078-02,1,,,,,GX25M-A650,2025/9/25,2025-12-30,,高卫锋,,,,—,,,,,,,损件,装潢,C26,一类整外,江苏聚力,,,,,,,,Z06,43,,待定责,,OUVo4biwVh,,,SF5103103711408,,,,A2A100077,"#321 #轿顶灯罩 #NA239B078-02
()
#数量1；
 
",朱俊璘,——,"#321 #轿顶灯罩 #NA239B078-02
()
#数量1；
 
",,,,,,,0,,,,,,,待退回,一类整外,,,待退回,,,,,——,装潢一类整外,待定责,待定责,,,无需追偿,无需追偿,,,非基板,实物待退回,,,2026-01-09,,,安装,,A2A100077,是,1,,"王佳,龚金,孙小泉",,,不需要,,,,
MAZ25-4322,EOCV90370,A2A100078,厦门分公司,厦门御宾物业服务有限公司,安装队反馈：层门上坎缺少配件（上坎重锤钢丝防跳槽挡块和上坎门锁触点少件）。20MAX10-RZQ实际发货日期2025-12-1。,161,上坎重锤钢丝防跳槽挡块,,"NA023D002-01
NA271B308 G02",1,,,,,GX21M-B292,2021/12/28,2025-12-29,,张琛林,,,,—,,,,,,作业人员漏装,缺件,机械,C12,非整外,菱川,,,,,,,,Z06,44,,K 制造部・钣金科,A0401制造差错；制造NG,WCv2l0OWpS,,,SF5127362260201,,,,A2A100078,"#161 #上坎重锤钢丝防跳槽挡块 #NA023D002-01
NA271B308 G02
()
#数量1；
 
",朱俊璘,——,"#161 #上坎重锤钢丝防跳槽挡块 #NA023D002-01
NA271B308 G02
()
#数量1；
 
",,,,,,,0,,,,,MESE钣金科,,非现场责任,非整外,,,MESE内部责任,,,,,厂内制造,机械非整外,非现场责任,MESE内部责任,,,无需追偿,无需追偿,,厂内制造,非基板,缺件无需退回,,,2026-01-09,2026-01-13,,安装,,A2A100078,是,1,,乐善毅,,,不需要,,,,
MAZ26-4383,EONS34036,,北京分公司,北京中豪机电设备工程有限公司,轿厢地面石材存在修补痕迹，用户要求更换附现场照片.,121,大理石,非基板,SE301A391 G05 L20,1,,,,,GX25M-A235,2025/6/26,2026-01-05,,张琛林,,,,—,,,,,,与开发确认现场大理石满足MESE出厂要求,损件,机械,C19,二类整外,奈斯机电,,,,,,,,Z06,45,,待定责,F0101误报-退回,A2WaX9mC6Z,,,,,,,,,朱俊璘,——,"#121 #大理石 #SE301A391 G05 L20
()
#数量1；
 
",,,,,,,0,,,,,-,,待退回,二类整外,,,待退回,,,,,——,机械二类整外,待定责,待定责,,,无需追偿,无需追偿,,,非基板,实物待退回,,,2026-01-09,2026-01-13,,安装,,,是,1,,"龚金,孙小泉",,,不需要,,,,
MAZ26-4384,EOON78014,A2A100085,上海分公司,碧桂园生活服务集团股份有限公司上海,25MAX10-RVC 原配置为单梯召唤，先改为并联召唤，详见通知单，申请核实三包。已联系MESE，规格错误，同意接受追偿。,366,层站指示器,,-,1,,,,,GX25M-A679,2025/9/7,2026-01-05,,肖小,,,,—,,,,,,,其他,装潢,C15,二类整外,MESE,,,,,,,,Z06,46,,L 制造部・资材科（外协）,A0601客户特殊要求未被满足,6tgp1AzmQz,,,SF3265865652860,,,,A2A100085,"#366 #层站指示器 #-
()
#数量1；
 
",朱俊璘,——,"#366 #层站指示器 #-
()
#数量1；
 
",,,,,,,0,,,,,SMEC,,非现场责任,二类整外,,,外协责任二类整外,,,,,外协制造,装潢二类整外,"非现场责任, 现场责任","外协责任, 现场责任",,,需要追偿,无需追偿,,外协制造,非基板,,,,2026-01-09,2026-01-13,,安装,,A2A100085,是,1,,瞿玉玲,,,需要,,,,
MAZ26-0004,EODY64425,A2A100090,粤西分公司,广东医科大学附属医院,42#电梯正常运行中不能关门，要等到强制关门。检查光幕线路正常，屏蔽光幕后电梯恢复正常，确认光幕存在异常，更换光幕后电梯恢复正常。申请三包维修。,141,光幕一对,非基板,NA081A364 G48 L07,1,,,,,ME22M-1570,2022/7/8,2026-01-05,,张琛林,,,,—,,,,,,待退回调查,损件,机械,C13,二类整外,,,,,,,,,Z06,47,,待定责,,pegLiyc0EQ,,,SF3265482619945,,,,A2A100090,"#141 #光幕一对 #NA081A364 G48 L07
()
#数量1；
 
",朱俊璘,——,"#141 #光幕一对 #NA081A364 G48 L07
()
#数量1；
 
",,,,,,,0,,,,,-,,待退回,二类整外,,,待退回,,,,,——,机械二类整外,待定责,待定责,,,无需追偿,无需追偿,,,非基板,实物待退回,,,2026-01-09,2026-01-13,,安装,,A2A100090,是,1,,瞿玉玲,,,不需要,,,,
MAZ26-0008,EOOI71064,A2A100091,北京分公司,北京四方恒通电梯工程有限公司,"电梯在调试快车时发现,电梯到站平层后关门过程中卡顿,抖动.开门后死机.",131,门电机,非基板,NA171B911 G03,1,,,,,ME25M-1792,2025/10/9,2026-01-06,,张琛林,,,,—,,,,,,待退回调查,损件,机械,C11,非整外,海安申菱,,,,,,,,Z06,48,,待定责,,egn6ebeFBW,,,SF5103232903813,,,,A2A100091,"#131 #门电机 #NA171B911 G03
()
#数量1；
 
",朱俊璘,——,"#131 #门电机 #NA171B911 G03
()
#数量1；
 
",,,,,,,0,,,,,-,,待退回,非整外,,,待退回,,,,,——,机械非整外,待定责,待定责,,,无需追偿,无需追偿,,,非基板,实物待退回,,,2026-01-09,2026-01-13,,安装,,A2A100091,是,1,,乐善毅,,,不需要,,,,
MBY26-0006,EOGE55096,A2A100092,深圳分公司,深圳百仕达物业管理有限公司,轿顶的风扇运转中异响震动严重，经查是风扇故障，更换风扇后正常,321,轿顶风扇,非基板,SE200C108-01,1,,,,SE200C108-01,GX23M-A495,2023/7/17,2026-01-05,,高卫锋,,,,—,,,,,,,损件,装潢,C20,非整外,宁波盛大,,,,,,,SE200C108-01,Z06,49,R64B1,待定责,,hVCD2njOX7,,,,,,,A2A100092,"#321 #轿顶风扇 #SE200C108-01
()
#数量1；
 
",朱俊璘,——,"#321 #轿顶风扇 #SE200C108-01
()
#数量1；
 
",,,,,,,0,,,,,,,待退回,非整外,,,待退回,,,,,——,装潢非整外,待定责,待定责,,,无需追偿,无需追偿,,,非基板,实物待退回,,,2026-01-09,,,保养,,,是,1,,"王佳,龚金,孙小泉",,,不需要,,,,
MAZ25-4315,EOOS65055,A2A100093,深圳分公司,深圳市金稻田物业管理有限公司,现场导轨安装时发现有两块导轨连接板的长度为：240mm，其他正常的连接板长度是250mm，需三包更换两块连接板,182,导轨连接板,,SE101C238-01,2,,,,,GX25M-B166,2025/10/28,2025-12-26,,张琛林,,,,1001233,,,,,,厂家包装照片为堆放，无法直接证明所有产品符合要求，故判定为厂家汇总不良,错件,机械,C10,一类整外,欣科,,,,,,,,Z06,50,,L 制造部・资材科（外协）,A0411错件（汇总）,jTV5BbodRN,,,SF3265499859664,,,,A2A100093,"#182 #导轨连接板 #SE101C238-01
()
#数量2；
 
",朱俊璘,——,"#182 #导轨连接板 #SE101C238-01
()
#数量2；
 
",,,,,,,0,,,,,苏州欣科导轨有限公司,,非现场责任,一类整外,,,外协责任一类整外,,,,,外协制造,机械一类整外,非现场责任,外协责任,,,需要追偿,无需追偿,,外协制造,非基板,,,,2026-01-09,2026-01-13,,安装,,A2A100093,是,2,,朱诚,,,需要,,,,
MBY26-0007,EOGR49023,A2A100086,粤西分公司,广西德高建筑工程有限公司,"MBY25-3719三包完配件寄到现场无法使用，申请三包总部核实,返回配件为3719的配件",203,机房检修盒,非基板,NX202B059 G02,1,,,,,ME23M-2380,2023/9/30,2026-01-05,,陈浦放,,,,—,,,,,,,损件,电气,C05,非整外,菱川,,,,,,,,Z06,51,,待定责,A0203损件退回,KpXVOEsqXc,,,SF3265418035269,,,,A2A100086,"#203 #机房检修盒 #NX202B059 G02
()
#数量1；
 
",朱俊璘,——,"#203 #机房检修盒 #NX202B059 G02
()
#数量1；
 
",,,,,,,0,,,,,,,待退回,非整外,,,待退回,,,,,——,电气非整外,待定责,待定责,,,无需追偿,无需追偿,,,非基板,实物待退回,,,2026-01-09,,,保养,,A2A100086,是,1,,钟立,,,不需要,,,,
MAZ26-0009,EONR87041,A2A100087,湖北分公司,武汉市金都汉宫小区第二届业主委员会,轿顶站，3.2.1.控制柜显示72E.73E.74E.电梯无法正常运行，更换光电后电梯回复正常,131,位置开关,非基板,NX401D323-04,1,,,,,GX25M-A188,2025/4/20,2026-01-06,,张琛林,,,,—,,,,,,待退回调查,损件,机械,C11,非整外,菱川,,,,,,,,Z06,52,,待定责,,u4mgsGiLaQ,,,"SF5103611602188, SF5103611602188",,,,A2A100087,"#131 #位置开关 #NX401D323-04
()
#数量1；
 
",朱俊璘,——,"#131 #位置开关 #NX401D323-04
()
#数量1；
 
",,,,,,,0,,,,,-,,待退回,非整外,,,待退回,,,,,——,机械非整外,待定责,待定责,,,无需追偿,无需追偿,,,非基板,实物待退回,,,2026-01-09,2026-01-13,,安装,,A2A100087,是,1,,乐善毅,,,不需要,,,,
MAZ26-0005,EOOS40032,,厦门分公司,厦门市思明区玉滨城二期第五届业主委,开箱时发现轿壁存在划伤,321,轿壁,非基板,SE301C030-01,1,,,,,GX25M-B141,2025/10/13,2026-01-05,,高卫锋,,,-,—,,,,,,退回,损件,装潢,C13,内做,MESE,,,,,,,,Z06,53,,待定责,,FObB8hpkd4,,,,,,,,,朱俊璘,——,"#321 #轿壁 #SE301C030-01
()
#数量1；
 
",,,,,,,0,,,,,-,,待退回,内做,,,待退回,,,,,——,装潢内做,待定责,待定责,,,无需追偿,无需追偿,,,非基板,实物待退回,,,2026-01-09,2026-01-21,,安装,,,是,1,,"王佳,龚金,孙小泉",,,不需要,,,,
MBY26-0011,EOFN41010,A2A100089,南通分公司,南通八建集团有限公司,平层死机，检修无法运行，41#灯亮一下就灭。,226,门光电,非基板,NX401C681-02,1,,,,,ME23M-0562,2023/6/28,2026-01-06,,陈浦放,,,,—,,,,,,,损件,电气,C15,非整外,南通圣泰,,,,,,,,Z06,54,,待定责,A0203损件退回,CL6BhJZ5kT,,,SF5127829472576,,,,A2A100089,"#226 #门光电 #NX401C681-02
()
#数量1；
 
",朱俊璘,——,"#226 #门光电 #NX401C681-02
()
#数量1；
 
",,,,,,,0,,,,,,,待退回,非整外,,,待退回,,,,,——,电气非整外,待定责,待定责,,,无需追偿,无需追偿,,,非基板,实物待退回,,,2026-01-09,,,保养,,A2A100089,是,1,,,,,不需要,,,,
MAZ26-4382,MONL03075,A2A100100,江苏分公司,江苏东石机电工程有限公司,缺重锤导向装置,161,滑轮组件,,"NA100D453-01
NA163C042 G01",1,,,,,ME25M-0104,2025/5/20,2026-01-05,,张琛林,,,,—,,,,,,作业人员漏装,缺件,机械,C12,非整外,宁波申菱,,,,,,,,Z06,55,,K 制造部・钣金科,A0401制造差错；制造NG,0m3705FEOa,,,"SF5103215597878, SF5129630095924",,,,A2A100100,"#161 #滑轮组件 #NA100D453-01
NA163C042 G01
()
#数量1；
 
",朱俊璘,——,"#161 #滑轮组件 #NA100D453-01
NA163C042 G01
()
#数量1；
 
",,,,,,,0,,,,,MESE钣金科,,非现场责任,非整外,,,MESE内部责任,,,,,厂内制造,机械非整外,非现场责任,MESE内部责任,,,无需追偿,无需追偿,,厂内制造,非基板,缺件无需退回,,,2026-01-09,2026-01-13,,安装,,A2A100100,是,1,,乐善毅,,,不需要,,,,
MBY26-0012,EOMD93775,A2A100108,苏州分公司,苏州仁通电梯有限公司,现场电梯轿顶塌陷严重，无法固定。刚移交用户，意见较大，申请三包处理。,321,轿顶,非基板,-,1,,,,,ME24M-1694,2024/7/19,2026-01-06,,高卫锋,,,是,—,,,,,,安装期间轿顶一侧大量进水，且因该款轿顶背部加强筋是用双面胶粘结,损件,装潢,C20,一类整外,宁波鸿腾,,,,,,,,Z06,56,,S 工程部・技术品质科（现场）,A0202维保差错,FGBkPJFsoV,,,订单删除,,,,A2A100108,"#321 #轿顶 #-
()
#数量1；
 
",朱俊璘,——,"#321 #轿顶 #-
()
#数量1；
 
",,,,,,,0,,,,,工地责任,,现场责任,一类整外,,,现场责任,,,,,——,装潢一类整外,现场责任,现场责任,,,需要追偿,无需追偿,,安装保管,非基板,,,,2026-01-09,2026-01-19,,保养,,A2A100108,是,1,,"王佳,龚金,孙小泉",,,需要,,,,
MAZ26-0020,EOLX65591,A2A100102,广东分公司,广州市番禺区香江实业有限公司,现场反馈59号梯到平层区域再平层感应器灯不亮，开车无法运行，经更换PAD(平层继电器)后电梯恢复正常运行，判断平层继电器故障，申请三包，敬请审核，谢谢。,226,平层继电器组件,非基板,NX401B898 G01,1,,,,,ME24M-1066,2024/6/20,2026-01-07,,陈浦放,,,,—,,,,,,,损件,电气,C15,二类整外,南通圣泰,,,,,,,,Z06,57,,待定责,A0203损件退回,HgfMjFbQJ2,,,SF5127109785919,,,,A2A100102,"#226 #平层继电器组件 #NX401B898 G01
()
#数量1；
 
",朱俊璘,——,"#226 #平层继电器组件 #NX401B898 G01
()
#数量1；
 
",,,,,,,0,,,,,,,待退回,二类整外,,,待退回,,,,,——,电气二类整外,待定责,待定责,,,无需追偿,无需追偿,,,非基板,实物待退回,,,2026-01-09,,,安装,,A2A100102,是,1,,,,,不需要,,,,
MAZ26-0021,EOOE99051,A2A100106,浙江分公司,绍兴巨通电梯工程有限公司,现场电梯是左置，秤装置发货是右置，要换成左置的，还请三包组帮忙核实情况 是否错发，特向公司三包组办理三包。,122,秤装置组件,,NA131A471 G11 L05,1,,,,,ME25M-1520,2025/10/31,2026-01-07,,肖小,,,,1000062,,,,,,,错件,机械,C15,二类整外,海安申菱,,,,,,,,Z06,58,,L 制造部・资材科（外协）,A0411错件（汇总）,f32Riqq3mF,,,SF3267823552264,,,,A2A100106,"#122 #秤装置组件 #NA131A471 G11 L05
()
#数量1；
 
",朱俊璘,——,"#122 #秤装置组件 #NA131A471 G11 L05
()
#数量1；
 
",,,,,,,0,,,,是,海安市申菱电器制造有限公司,,非现场责任,二类整外,,,外协责任二类整外,,,,,外协制造,机械二类整外,非现场责任,外协责任,,,需要追偿,无需追偿,,外协制造,非基板,,,,2026-01-09,2026-01-13,,安装,,A2A100106,是,1,,瞿玉玲,,,需要,,,,
MAZ26-0016,EYII53011,A2A100107,#N/A,北京海港房地产开发有限公司,25GZT-S1U6.钢丝绳绳头弹簧座（两部电梯，共计16个）。现场开箱后发现缺少该部,186,钢丝绳绳头弹簧座,,NA179D742-01,16,,,,,GX25J-A079,2014/6/10,2026-01-06,,张琛林,,,,1000103,,,,,,厂家汇总不良,缺件,机械,T21,一类整外,溧阳飞跃,,,,,,,,Z06,59,,L 制造部・资材科（外协）,A0412缺件（汇总）,GXTNeNTyGa,,,SF5103425325742,,,,A2A100107,"#186 #钢丝绳绳头弹簧座 #NA179D742-01
()
#数量16；
 
",朱俊璘,——,"#186 #钢丝绳绳头弹簧座 #NA179D742-01
()
#数量16；
 
",,,,,,,0,,,,,溧阳市飞跃机电有限公司,,非现场责任,一类整外,,,外协责任一类整外,,,,,外协制造,机械一类整外,非现场责任,外协责任,,,需要追偿,无需追偿,,外协制造,非基板,缺件无需退回,,,2026-01-09,2026-01-13,,安装,,A2A100107,是,16,,吴麟龙,,,需要,,,,
MAZ26-4386,"EOOA54013
EOOA54024
EOOA57034
EOOA57045",,山西分公司,山西兴申三菱电梯销售安装有限公司,补发重锤长度为5公分，工人将一个补发重锤接到原重锤上，门依旧关不严，需将2个补发重锤拼接在一起然后接到原重锤上才能达到厅门完全闭合效果，也就是上次补发的18个重锤目前解决了9个厅门的问题（现场共计6台每台19层）需再补发（114-9）*2=210（个），才能完全解决问题,161,对重组件,,NA032D753 G02,210,,,,,ME25M-1075,2025/7/20,2026-01-05,,张琛林,,,,—,,,,,,,缺件,机械,C14,非整外,宁波申菱,,,,,,,,Z06,60,,待定责,,RPkM4InxbF,,,SF5101095975227,,,,A2A100157,"#161 #对重组件 #NA032D753 G02
()
#数量210；
 
",朱俊璘,——,"#161 #对重组件 #NA032D753 G02
()
#数量210；
 
",,,,,,,0,,,,,,,待定责,非整外,,,待定责,,,,,——,机械非整外,待定责,待定责,,,无需追偿,无需追偿,,,非基板,缺件无需退回,,,2026-01-09,,,安装,,A2A100157,是,210,,乐善毅,,,不需要,,,,
MBY26-0013,EOLJ03166,A2A100109,宁波分公司,宁波得力博悦置业有限公司,16#电梯液晶显示花屏，现场申请三包。,235,液晶显示屏,非基板,SE306A154-01,1,,,,SE306A154-01,ME24M-0494,2024/6/10,2026-01-06,,肖小,,,,—,,,,,,,损件,电气,C13,非整外,永靖,,,,,,,,Z06,61,,待定责,A0203损件退回,LfowkN1ewJ,,,SF5127127321834,,,,A2A100109,"#235 #液晶显示屏 #SE306A154-01
()
#数量1；
 
",朱俊璘,——,"#235 #液晶显示屏 #SE306A154-01
()
#数量1；
 
",,,,,,,0,,,,,,,待退回,非整外,,,待退回,,,,,——,电气非整外,待定责,待定责,,,无需追偿,无需追偿,,,非基板,实物待退回,,,2026-01-09,,,保养,,A2A100109,是,1,,"瞿玉玲,虞慧静",,,不需要,,,,
MAZ26-0030,"EOLJ14230
EOLJ35521",A2A100112,浙江分公司,杭州海威奥城置业有限公司,52号梯话机无法上线显示0正常程序升到481了，23号梯主电话机无显示无响应内外网不通，经现场更换控制柜数据传输装置SE201C217-06后排出故障，特向公司三包组办理三包。,246,控制柜数据传输装置,非基板,SE201C217-06,2,,,,,ME24M-0505,2024/4/24,2026-01-08,,肖小,,,,—,,,,,,,损件,电气,C15,二类整外,吉盛,,,,,,,,Z06,62,,待定责,,KnettnLqYC,,,SF5127395417594,,,,A2A100112,"#246 #控制柜数据传输装置 #SE201C217-06
()
#数量2；
 
",朱俊璘,——,"#246 #控制柜数据传输装置 #SE201C217-06
()
#数量2；
 
",,,,,,,0,,,,,,,待退回,二类整外,,,待退回,,,,,——,电气二类整外,待定责,待定责,,,无需追偿,无需追偿,,,非基板,实物待退回,,,2026-01-09,,,安装,,A2A100112,是,2,,,,,不需要,,,,
MAZ26-0024,EOOU55013,,中山分公司,广东菱电电梯有限公司,该项目共4台电梯 ，检查发现1，3，4号电梯缺失底坑扶梯相关配件，2号梯未缺。查询该4台电梯的装箱清单，发现2号电梯C16-001箱中的配置与1，3，4不一致，详见附件装箱清单。另附收货时的视频。经查营业设计图，四台电梯的底坑深度是一致的。底坑扶梯配置应跟2号梯一致，且政府部门验收时无法达到验收要求。由于该项目紧着政府部门验收，麻烦领导审批后，优先加急安排发货，感谢感谢！,198,地坑扶梯,,SE101B010 G02 L01,3,,,,,GX25M-B356,2025/10/30,2026-01-07,,张琛林,,,,—,,,,,,仅2号梯有该手配,缺件,机械,T17,一类整外,江苏聚力,,,,,,,,Z06,63,,待定责,F0101误报-退回,cjFX5qYXjO,,,,,,,,,朱俊璘,——,"#198 #地坑扶梯 #SE101B010 G02 L01
()
#数量3；
 
",,,,,,,0,,,,,-,,待定责,一类整外,,,待定责,,,,,——,机械一类整外,待定责,待定责,,,无需追偿,无需追偿,,,非基板,缺件无需退回,,,2026-01-09,2026-01-13,,安装,,,是,3,,"龚金,孙小泉",,https://applink.dingtalk.com/approval/detail?corpId=dingb7e3f87721002af435c2f4657eb6378f&instanceId=U-aDKCGKSs2HZiS-dvVO_Q06391768887063,不需要,,202601201331000337020,,
MAZ26-0029,EOOF18220,A2A100113,宁波分公司,宁波得力博悦置业有限公司,检修正常，打正常无法运行,231,轿顶检修手柄,非基板,NX202B060 G05,1,,,,,ME25M-1539,2025/12/2,2026-01-08,,肖小,,,,—,,,,,,,损件,电气,C15,非整外,菱川,,,,,,,,Z06,64,,待定责,,BjGBxHscxm,,,SF5103425699252,,,,A2A100113,"#231 #轿顶检修手柄 #NX202B060 G05
()
#数量1；
 
",朱俊璘,——,"#231 #轿顶检修手柄 #NX202B060 G05
()
#数量1；
 
",,,,,,,0,,,,,,,待退回,非整外,,,待退回,,,,,——,电气非整外,待定责,待定责,,,无需追偿,无需追偿,,,非基板,实物待退回,,,2026-01-09,,,安装,,A2A100113,是,1,,虞慧静,,,不需要,,,,
MBY26-0036,EOFN41010,A2A100116,南通分公司,南通八建集团有限公司,平层死机，检修无法运行，41#灯亮一下就灭。MBY26-0011，三包该轿门光电，发的再平层光电，故再次三包。,131,轿门光电,非基板,NX401D323-09,1,,,,,ME23M-0562,2023/6/28,2026-01-08,,张琛林,,,,—,,,,,,待退回调查,损件,机械,C11,非整外,菱川,,,,,,,,Z06,65,,待定责,,oZ8a8x5tTQ,,,SF5103859892941,,,,A2A100116,"#131 #轿门光电 #NX401D323-09
()
#数量1；
 
",朱俊璘,——,"#131 #轿门光电 #NX401D323-09
()
#数量1；
 
",,,,,,,0,,,,,-,,待退回,非整外,,,待退回,,,,,——,机械非整外,待定责,待定责,,,无需追偿,无需追偿,,,非基板,实物待退回,,,2026-01-09,2026-01-13,,保养,,A2A100116,是,1,,乐善毅,,,不需要,,,,
MBY26-0042,EOLG91244,A2A100119,柳州分公司,广西海联方冠投资有限公司,电梯黑屏无法使用，将平常感应器对换后故障转移，故申请三包，谢谢！,226,平层感应器,非基板,SE201C280-01,1,,,,,ME24M-0282,2024/3/31,2026-01-08,,陈浦放,,,,—,,,,,,,损件,电气,C15,二类整外,南通圣泰,,,,,,,,Z06,66,,待定责,,ydXws8EmP0,,,SF5127509151936,,,,A2A100119,"#226 #平层感应器 #SE201C280-01
()
#数量1；
 
",朱俊璘,——,"#226 #平层感应器 #SE201C280-01
()
#数量1；
 
",,,,,,,0,,,,,,,待退回,二类整外,,,待退回,,,,,——,电气二类整外,待定责,待定责,,,无需追偿,无需追偿,,,非基板,实物待退回,,,2026-01-09,,,保养,,A2A100119,是,1,,,,,不需要,,,,
MAZ26-0044,EOMP72095,A2A100120,宜昌分公司,湖北快菱机电工程有限公司,电梯无法启动，控制柜灯不亮，经检查发现该变压器无电压输出。,203,变压器,非基板,NX100C378-02,1,,,,,ME24M-2673,2024/10/31,2026-01-09,,陈浦放,,,,—,,,,,,,损件,电气,C05,非整外,华银,,,,,,,,Z06,67,,待定责,,Q6FxML5Tuz,,,SF5127509158258,,,,A2A100120,"#203 #变压器 #NX100C378-02
()
#数量1；
 
",朱俊璘,——,"#203 #变压器 #NX100C378-02
()
#数量1；
 
",,,,,,,0,,,,,,,待退回,非整外,,,待退回,,,,,——,电气非整外,待定责,待定责,,,无需追偿,无需追偿,,,非基板,实物待退回,,,2026-01-09,,,安装,,A2A100120,是,1,,钟立,,,不需要,,,,
MAZ26-0043,EOOD58012,,上海分公司,上海卫菱电梯工程有限公司,轿厢精装有缝隙，不平。客户要求厂家去现场处理，详见附件,321,轿厢精装,,-,1,,,,,ME25M-1379,2025/9/5,2026-01-09,,高卫锋,,,,—,,,,,,,错件,装潢,C13,二类整外,华美,,,,,,,,Z06,68,,待定责,,OVFK4D17kO,,,,,,,,,朱俊璘,——,"#321 #轿厢精装 #-
()
#数量1；
 
",,,,,,,0,,,,,,,待退回,二类整外,,,待退回,,,,,——,装潢二类整外,待定责,待定责,,,无需追偿,无需追偿,,,非基板,实物待退回,,,2026-01-09,2026-01-20,,安装,,,是,1,,"王佳,龚金,孙小泉",,,不需要,,,,
MAZ26-0038,"EONW52032
EONW52043
EONW56070
EONW56081",,商丘分公司,河南安信楼宇设备有限公司,开箱时发现C12箱没有厅门保持装置,375,厅门保持装置,,NA339C535 G01,144,,,,,ME25M-0673,2025/6/8,2026-01-08,,高卫锋,,,是,—,,,,,,退回，装箱照片有,缺件,装潢,C14,非整外,宁波鸿腾,,,,,,,,Z06,69,,S 工程部・技术品质科（现场）,A0201安装差错,5FJMefyEPT,,,,,,,,,朱俊璘,——,"#375 #厅门保持装置 #NA339C535 G01
()
#数量144；
 
",,,,,,,0,,,,,工地责任,,现场责任,非整外,,,现场责任,,,,,——,装潢非整外,现场责任,现场责任,,,需要追偿,无需追偿,,安装保管,非基板,缺件无需退回,,,2026-01-09,2026-01-14,,安装,,,是,144,,乐善毅,,,不需要,,,,
MAZ26-0041,24YJT-0329,A2A100121,江西分公司,南昌市政公用大道置业有限公司,缺发53套上坎架安装物品包和24套小物品包,161,小物品包/前,,P161112B000 G22,24,,,,,24YJT-0329,2024/12/9,2026-01-08,,张琛林,,,,—,,,,,,装箱照片无法看到有汇总件,缺件,机械,C12,非整外,宁波申菱,,,,,,,,Z06,70,,M 制造部・制造协调科（XTL),A0302缺件（装箱）,qPB1zqedfg,,,SF3267987491762,,,,A2A100121,"#161 #小物品包/前 #P161112B000 G22
()
#数量24；
 
, #161 #上坎架安装物品包 #P161037C102 G01
()
#数量53；
 
",朱俊璘,——,"#161 #小物品包/前 #P161112B000 G22
()
#数量24；
 
",,,,,,,0,,,,,MESE制造协调科（XTL）,,非现场责任,非整外,,,MESE内部责任,,,,,外协制造,机械非整外,非现场责任,MESE内部责任,,,需要追偿,无需追偿,,出货装箱,非基板,缺件无需退回,,,2026-01-09,2026-01-14,,安装,,A2A100121,是,24,,乐善毅,,,需要,,,,
MAZ26-0041,24YJT-0329,A2A100121,江西分公司,南昌市政公用大道置业有限公司,缺发53套上坎架安装物品包和24套小物品包,161,上坎架安装物品包,,P161037C102 G01,53,,,,,24YJT-0329,2024/12/9,2026-01-08,,张琛林,,,,—,,,,,,装箱照片无法看到有汇总件,缺件,机械,C12,非整外,宁波申菱,,,,,,,,Z06,71,,M 制造部・制造协调科（XTL),A0302缺件（装箱）,Gat4WslhQp,,,SF3267987491762,,,,A2A100121,"#161 #小物品包/前 #P161112B000 G22
()
#数量24；
 
, #161 #上坎架安装物品包 #P161037C102 G01
()
#数量53；
 
",朱俊璘,——,"#161 #上坎架安装物品包 #P161037C102 G01
()
#数量53；
 
",,,,,,,0,,,,,MESE制造协调科（XTL）,,非现场责任,非整外,,,MESE内部责任,,,,,外协制造,机械非整外,非现场责任,MESE内部责任,,,需要追偿,无需追偿,,出货装箱,非基板,缺件无需退回,,,2026-01-09,2026-01-14,,安装,,A2A100121,是,53,,乐善毅,,,需要,,,,
MAZ26-0032,EOJW87254,,深圳分公司,深圳市建筑工务署文体和水务工程管理,轿厢的滚轮导靴，有3个滚轮的塑料部分脱胶，详见附件，发货请发轮子和轴承装配好,126,轿厢滚轮,非基板,"NY227877 G03
N220C2313",3,,,,,ME23M-3432,2024/3/1,2026-01-08,,张琛林,,,,—,,,,,,待退回调查,损件,机械,C08,非整外,宁波申菱,,,,,,,,Z06,72,,待定责,,S9LsanufKR,,,SF3267987496534,,,,A2A100123,"#126 #轿厢滚轮 #NY227877 G03
N220C2313
()
#数量3；
 
",朱俊璘,——,"#126 #轿厢滚轮 #NY227877 G03
N220C2313
()
#数量3；
 
",,,,,,,0,,,,,-,,待退回,非整外,,,待退回,,,,,——,机械非整外,待定责,待定责,,,无需追偿,无需追偿,,,非基板,实物待退回,,,2026-01-09,2026-01-13,,安装,,A2A100123,是,3,,乐善毅,,,不需要,,,,
MBY26-0047,MODL99073,,深圳分公司,深圳市百年春投资发展有限公司,电梯运行正常，轿厢4楼按钮不起作用，经查是按钮故障，更换按钮后正常,235,4楼按钮,非基板,SE302B198 G01 L83,1,,,,,ME22M-0504,2022/7/18,2026-01-09,,肖小,,,,—,,,,,,,损件,电气,C13,非整外,宁波电子,,,,,,,,Z06,73,,待定责,,uk8VXmx29d,,,,,,,,,朱俊璘,——,"#235 #4楼按钮 #SE302B198 G01 L83
()
#数量1；
 
",,,,,,,0,,,,,,,待退回,非整外,,,待退回,,,,,——,电气非整外,待定责,待定责,,,无需追偿,无需追偿,,,非基板,实物待退回,,,2026-01-09,,,保养,,,是,1,,"瞿玉玲,虞慧静",,,不需要,,,,
MBY26-0046,"EODR77103
EODR73010
EODR73021
EODR74034
EODR74045
EOBX23055
EODR75062
EOBX14073
EODR76086
EOBX15090",,浙江分公司,杭州滨硕实业有限公司,"1~10号电梯用户投诉经常发生刷卡失败困扰住户刷卡体验，经技术支援要求分司提交三包申请更换刷卡器，特向公司三包组办理三包 。总计10台
先发模式 更换完毕后再将旧件寄回 用户要求 10台电梯用户投诉轿内刷卡不灵敏，刷卡器均为SL-ST-SKO1-PGV1",235,刷卡器,非基板,SE201C188-01,10,,,,,ME22M-0983,2022/7/13,2026-01-09,,肖小,,,,—,,,,,,,损件,电气,C15,二类整外,南通圣泰,,,,,,,,Z06,74,,待定责,,1Y3Lx104S2,,,SF5101127402110,,,,A2A100099,"#235 #刷卡器 #SE201C188-01
()
#数量10；
 
",朱俊璘,——,"#235 #刷卡器 #SE201C188-01
()
#数量10；
 
",,,,,,,0,,,,,,,待退回,二类整外,,,待退回,,,,,——,电气二类整外,待定责,待定责,,,无需追偿,无需追偿,,,非基板,实物待退回,,,2026-01-09,,,保养,,A2A100099,是,10,,"瞿玉玲,虞慧静",,,不需要,,,,
MAZ26-0045,"MOOD22036
MOOD34091
MOOD23112",,浙江分公司,绍兴观云地产有限公司,用户反馈同一个总包合同里的电梯，去年和今年发货的层门颜色不一致，同一电梯前室两种颜色无法接受，需要我方给出合理解释和处理方案。联系销售咨询了总部，表示需要通过三包确认。,375,层门,,-,10,,,,,ME25M-1343,2025/9/14,2026-01-09,,高卫锋,,,-,—,,,,,,退回,错件,装潢,C14,内做,MESE,,,,,,,,Z06,75,,待定责,,Tx00hud2Iq,,,,,,,,,朱俊璘,——,"#375 #层门 #-
()
#数量10；
 
",,,,,,,0,,,,,-,,待退回,内做,,,待退回,,,,,——,装潢内做,待定责,待定责,,,无需追偿,无需追偿,,,非基板,实物待退回,,,2026-01-09,2026-01-19,,安装,,,是,10,,乐善毅,,,不需要,,,,
MBY26-0057,EOEM46070,,浙江分公司,杭州中家房地产有限公司,7号电梯用户报修轿内子机SE300C806G05自动重复播报线路已连接无法正常工作要求我司三包处理，特向公司三包组办理三包。,246,轿厢数据传输装置,非基板,SE300C685-03,1,,,,,ME22M-2529,2022/12/4,2026-01-09,,肖小,,,,—,,,,,,,损件,电气,C15,二类整外,吉盛,,,,,,,,Z06,76,,待定责,,dhJmiCas2j,,,,,,,,,朱俊璘,——,"#246 #轿厢数据传输装置 #SE300C685-03
()
#数量1；
 
",,,,,,,0,,,,,,,待退回,二类整外,,,待退回,,,,,——,电气二类整外,待定责,待定责,,,无需追偿,无需追偿,,,非基板,实物待退回,,,2026-01-09,,,保养,,,是,1,,,,,不需要,,,,
MBY26-0058,EOLH79046,A2A100124,乐山分公司,乐山余峰酒店管理有限公司,电梯运行急停，报门运行，更换光电开关后面电梯恢复正常,131,光电开关,,NX401D323-05,1,,,,,ME24M-0370,2024/8/29,2026-01-09,,张琛林,,,,—,,,,,,待退回调查,损件,机械,C11,非整外,菱川,,,,,,,,Z06,78,,待定责,,J8gGZQ2QGy,,,SF5127525485155,,,,A2A100124,"#131 #光电开关 #NX401D323-05
()
#数量1；
 
",黄丽黎,——,"#131 #光电开关 #NX401D323-05
()
#数量1；
 
",,,,,,,0,,,,,-,,待退回,非整外,,,待退回,,,,,——,机械非整外,待定责,待定责,,,无需追偿,无需追偿,,,非基板,实物待退回,,,2026-01-16,2026-01-19,,保养,,A2A100124,是,1,,乐善毅,,,不需要,,,,
MAZ26-0034,,EOCV90366,A2A100098,厦门分公司,厦门御宾物业服务有限公司,366,基站层外招,,"SE304A108 G02         L11,L32,L51,L81,L85,L90",2,,,,,GX21M-B292,2021/12/28,2026-01-08,,肖小,,,,—,,,,,,申菱装饰CQS件 同MAZ26-0064,缺件,装潢,C15,内做,MESE,,,,MESE,,,,Z06,109,,待定责,,wyJsbMufS6,,,,,,,EOCV90366,"#366 #基站层外招 #SE304A108 G02         L11,L32,L51,L81,L85,L90
(MESE)
#数量2；
 
",朱俊璘,——,"#366 #基站层外招 #SE304A108 G02         L11,L32,L51,L81,L85,L90
(MESE)
#数量2；
 
",,,,,,,0,,,,,,,待定责,内做,,,待定责,,,,,——,装潢内做,待定责,待定责,,,无需追偿,无需追偿,,,非基板,缺件无需退回,,,2026-01-16,,,安装,,,是,2,,瞿玉玲,,,不需要,,,,
MAZ26-0059,EOOE46352,A2A100125,山东分公司,山东高速德建建筑科技股份有限公司,电梯副导轨支架尺寸应为1024，实际为1030。根据MESE提供正确的支架图号为：SE100B117 G01L02 HC=220,191,副导轨支架,,SE100B117 G01 L02,27,,,,,ME25M-1467,2025/9/14,2026-01-09,,张琛林,,,,—,,,,,,待退回调查,错件,机械,T16,一类整外,宣城,,,,,,,,Z06,110,,待定责,,io02RIQXHz,,,SF3267230862300,,,,A2A100125,"#191 #副导轨支架 #SE100B117 G01 L02
()
#数量27；
 
",朱俊璘,——,"#191 #副导轨支架 #SE100B117 G01 L02
()
#数量27；
 
",,,,,,,0,,,,,-,,待退回,一类整外,,,待退回,,,,,——,机械一类整外,待定责,待定责,,,无需追偿,无需追偿,,,非基板,实物待退回,,,2026-01-16,2026-01-19,,安装,,A2A100125,是,27,,朱诚,,,不需要,,,,
MAZ26-0049,EONX26081,,中山分公司,中山市金乐房地产开发有限公司,"现场配发的对重支架底码长度为300mm,而电梯图纸中混凝土柱子宽度仅需269mm,现场结构柱子宽度300mm(满足图纸要求尺寸),现场底码安装后，无法满足验收要求的膨胀螺丝距离混凝土边缘的尺寸要求。烦请总部领导帮忙核查一下，现场配发的对重支架底码是否正确，项目为保交楼住宅小区，工期紧张，还望总部领导支持，感谢。",191,对重支架底码,,"SE100B106-01 L63
        SE100B106-02 L63",94,,,,,ME25M-0747,2025/6/10,2026-01-09,,张琛林,,,,—,,,,,,土建问题,错件,机械,T16,一类整外,江苏海菱,,,,,,,,Z06,111,,待定责,F0101误报-退回,2RgOTd2aAg,,,,,,,,,朱俊璘,——,"#191 #对重支架底码 #SE100B106-01 L63
        SE100B106-02 L63
()
#数量94；
 
",,,,,,,0,,,,,-,,待退回,一类整外,,,待退回,,,,,——,机械一类整外,待定责,待定责,,,无需追偿,无需追偿,,,非基板,实物待退回,,,2026-01-16,2026-01-19,,安装,,,是,94,,朱诚,,,不需要,,,,
MAZ26-0049,EONX26070,,中山分公司,中山市金乐房地产开发有限公司,"现场配发的对重支架底码长度为300mm,而电梯图纸中混凝土柱子宽度仅需269mm,现场结构柱子宽度300mm(满足图纸要求尺寸),现场底码安装后，无法满足验收要求的膨胀螺丝距离混凝土边缘的尺寸要求。烦请总部领导帮忙核查一下，现场配发的对重支架底码是否正确，项目为保交楼住宅小区，工期紧张，还望总部领导支持，感谢。",191,对重支架底码,,"SE100B106-01 L63
        SE100B106-02 L63",94,,,,,ME25M-0747,2025/6/10,2026-01-09,,张琛林,,,,—,,,,,,土建问题,错件,机械,T16,一类整外,宁波鸿腾,,,,,,,,Z06,112,,待定责,F0101误报-退回,1ve6ycEckH,,,,,,,,,朱俊璘,——,"#191 #对重支架底码 #SE100B106-01 L63
        SE100B106-02 L63
()
#数量94；
 
",,,,,,,0,,,,,-,,待退回,一类整外,,,待退回,,,,,——,机械一类整外,待定责,待定责,,,无需追偿,无需追偿,,,非基板,实物待退回,,,2026-01-16,2026-01-19,,安装,,,是,94,,朱诚,,,不需要,,,,
MAZ25-4141,"EOOR62012
EOOR56025",A2A100096,广东分公司,广州市永恒电梯有限公司,该项目为广东省省委宿舍楼项目，共计9台，因本项目9台电梯分别分布于不同区域的单座住宅楼，且每栋住宅楼均设有独立监控中心，需要补发8台监控室通话装置及不间断电源，谢谢！已和MES协调好，补发无线通话装置，请同意三包，谢谢！,246,有机房无线转换装置,,"SE202C034-01
SE202C034-02
SE202C034-03",12,,,,,GX25M-B063,2025/10/16,2026-12-11,,肖小,,,,,,,,,,,其他,电气,C15,二类整外,吉盛,,,,,,,,Z06,113,,非三包,C0201其他特殊客需（如补偿链规格升级）,3iv45znQSG,,,,,,,A2A100096,"#246 #有机房无线转换装置 #SE202C034-01
SE202C034-02
SE202C034-03
()
#数量12；
 
",朱俊璘,——,"#246 #有机房无线转换装置 #SE202C034-01
SE202C034-02
SE202C034-03
()
#数量12；
 
",,,,,,,0,,,,,非三包,,非三包,二类整外,,,非三包,,,,,——,电气二类整外,非三包,非三包,,,无需追偿,无需追偿,,非三包,非基板,,,,2026-01-16,2026-01-19,,安装,,,是,12,,,,,不需要,,,,
MBY26-0062,EOOE07325,A2A100127,蚌埠分公司,浙江宝业供应链管理有限公司,电梯可以慢车运行，无平层信号，无法快车运行。,226,MGPS-21G平层继电器组件,非基板,NX401B898 G01,1,,,,,ME25M-1428,2025/9/9,2026-01-12,,陈浦放,,,,—,,,,,,,损件,电气,C15,二类整外,南通圣泰,,,,,,,,Z06,114,,待定责,A0203损件退回,UTgaadob0T,,,SF3267384345695,,,,A2A100127,"#226 #MGPS-21G平层继电器组件 #NX401B898 G01
()
#数量1；
 
",朱俊璘,——,"#226 #MGPS-21G平层继电器组件 #NX401B898 G01
()
#数量1；
 
",,,,,,,0,,,,,,,待退回,二类整外,,,待退回,,,,,——,电气二类整外,待定责,待定责,,,无需追偿,无需追偿,,,非基板,实物待退回,,,2026-01-16,,,保养,,A2A100127,是,1,,,,,不需要,,,,
MBY26-0067,"EOFR2405
        EOFR2406",,台州分公司,台州迅灵电梯服务有限公司,五方通话不通，应急照明不亮。,246,有机房通话装置电源组件,非基板,SE201C246 G01,2,,,,,ME23M-0895,2023/6/8,2026-01-12,,肖小,,,,—,,,,,,,损件,电气,C15,二类整外,吉盛,,,,,,,,Z06,115,,待定责,A0203损件退回,fZPJHfi9BC,,,,,,,,,朱俊璘,——,"#246 #有机房通话装置电源组件 #SE201C246 G01
()
#数量2；
 
",,,,,,,0,,,,,,,待退回,二类整外,,,待退回,,,,,——,电气二类整外,待定责,待定责,,,无需追偿,无需追偿,,,非基板,实物待退回,,,2026-01-16,,,保养,,,是,2,,,,,不需要,,,,
MAZ26-0069,EONP2824,A2A100129,北京分公司,北京莱茵西奥电梯有限公司,"现场安装时发现:轿门门刀错发,附对比照片.",131,门刀,,NA242B531 G01 L04,1,,,,,ME25M-0529,2025/5/8,2026-01-12,,张琛林,,,,1000148,,,,,,厂家汇总错误,错件,机械,C11,非整外,宁波申菱,,,,,,,,Z06,116,,L 制造部・资材科（外协）,A0411错件（汇总）,W5fmswfRqR,,,订单删除,,,,A2A100129,"#131 #门刀 #NA242B531 G01 L04
()
#数量1；
 
",朱俊璘,——,"#131 #门刀 #NA242B531 G01 L04
()
#数量1；
 
",,,,,,,0,,,,,宁波申菱机电科技股份有限公司,,非现场责任,非整外,,,外协责任非整外,,,,,外协制造,机械非整外,非现场责任,外协责任,,,需要追偿,无需追偿,,外协制造,非基板,,,,2026-01-16,2026-01-19,,安装,,A2A100129,是,1,,乐善毅,,,需要,,,,
MAZ26-0060,"EOJU78120
EOJX89023",A2A100097,深圳分公司,深圳市华通电梯实业有限公司,"现场的导轨是T89,发货至现场的隔磁板安装臂是适配T75的，详见附件是否错发。",227,隔磁板安装臂（包含压码螺丝）,,NX401B545-08,63,,,,,GX23M-B219,2023/12/30,2026-01-09,,陈浦放,,,,—,,,,,,,错件,电气,C15,二类整外,宁波鸿腾,,,,,,,,Z06,117,,待定责,,9sI0DwtazR,,,SF5129339720549,,,,A2A100097,"#227 #隔磁板安装臂（包含压码螺丝） #NX401B545-08
()
#数量63；
 
",朱俊璘,——,"#227 #隔磁板安装臂（包含压码螺丝） #NX401B545-08
()
#数量63；
 
",,,,,,,0,,,,,,,待退回,二类整外,,,待退回,,,,,——,电气二类整外,待定责,待定责,,,无需追偿,无需追偿,,,非基板,实物待退回,,,2026-01-16,,,安装,,A2A100097,是,63,,朱诚,,,不需要,,,,
MAZ26-0065,"EONT91035
EONT93054
EONT96075
EONT99133",,福建分公司,福建中天瑞普机电设备有限公司,同一栋楼两台机房不连通，机房救援装置缺少4套。,101,机房救援装置,,NA304C889 G02,8,,,,,GX25M-A392,2025/6/10,2026-01-12,,袁亦晨,,,,—,,,,,,,缺件,机械,C01,非整外,,,,,,,,,Z06,118,,待定责,,mHFrj8eGSS,,,,,,,,,朱俊璘,——,"#101 #机房救援装置 #NA304C889 G02
()
#数量8；
 
",,,,,,,0,,,,,,,待定责,非整外,,,待定责,,,,,——,机械非整外,待定责,待定责,,,无需追偿,无需追偿,,,非基板,缺件无需退回,,,2026-01-16,,,安装,,,是,8,,"朱正军,张正军",,,不需要,,,,
MAZ26-4378,EOOT59043,A2A100095,上海分公司,上海圣骊物业管理有限公司,DZU无信号，申请三包平层感应器。,226,平层感应器,,NX401B898 G01,1,,,,,GX25M-B260,2025/11/7,2026-01-04,,陈浦放,,,,—,,,,,,,损件,电气,C15,二类整外,南通圣泰,,,,,,,,Z06,119,,待定责,A0203损件退回,vn3HFFBMih,,,SF3267073243009,,,,A2A100095,"#226 #平层感应器 #NX401B898 G01
()
#数量1；
 
",朱俊璘,——,"#226 #平层感应器 #NX401B898 G01
()
#数量1；
 
",,,,,,,0,,,,,,,待退回,二类整外,,,待退回,,,,,——,电气二类整外,待定责,待定责,,,无需追偿,无需追偿,,,非基板,实物待退回,,,2026-01-16,,,安装,,A2A100095,是,1,,,,,不需要,,,,
MAZ26-0026,EXWH93015,A2A100155,陕西分公司,陕西东和源科技有限公司,滑块加强铁条与门上的预留孔对不上，而且加强铁条放不进去，需办理错件三包，谢谢,375,滑块加强铁条,,SE300C527-03,10,,,,,ME25M-2159,2025/12/10,2026-01-07,,高卫锋,,,,—,,,,,,,错件,装潢,C14,一类整外,华美,,,,,,,,Z06,120,,待定责,,TCKEGkWdWj,,,订单删除,,,,A2A100155,"#375 #滑块加强铁条 #SE300C527-03
()
#数量10；
 
",朱俊璘,——,"#375 #滑块加强铁条 #SE300C527-03
()
#数量10；
 
",,,,,,,0,,,,,,,待退回,一类整外,,,待退回,,,,,——,装潢一类整外,待定责,待定责,,,无需追偿,无需追偿,,,非基板,实物待退回,,,2026-01-16,,,安装,,A2A100155,是,10,,乐善毅,,,不需要,,,,
MAZ26-0055,-,A2A100154,常德分公司,长沙宇菱电梯有限公司,当地重点医院项目，报政府验收资料审查较严格，过程中发现部分产品配置表内控制屏或意外移动装置的制造日期需更新，与现场铭牌不符，申请产品配置表三包处理。详见三包单,130,合格证,,SE100C081-08,28,,,,,-,2024/12/30,2026-01-09,,陈泽峰,,,,—,,,,,,,错件,机械,C08,内做,MESE,,,,,,,,Z06,121,,待定责,,VTsSKBeN7e,,,SF3267289860107,,,,A2A100154,"#130 #合格证 #SE100C081-08
()
#数量28；
 
",朱俊璘,——,"#130 #合格证 #SE100C081-08
()
#数量28；
 
",,,,,,,0,,,,,,,待退回,内做,,,待退回,,,,,——,机械内做,待定责,待定责,,,无需追偿,无需追偿,,,非基板,实物待退回,,,2026-01-16,,,安装,,A2A100154,是,28,,王佳,,,不需要,,,,
MAZ26-0078,"MOYE04094
MOYE05100",A2A100156,厦门分公司,厦门翔安建发城建集团有限公司,扁电缆长度不够，无法安装,295,扁电缆,,-,6,,,,,SM2025-009-A,2025/12/9,2026-01-12,,肖小,,,,—,,,,,,SMJ-X电缆,错件,电气,T22,一类整外,,,,,,,,,Z06,122,,待定责,,MT6QEda5Fe,,,,,,,A2A100156,"#295 #扁电缆 #-
()
#数量6；
 
",朱俊璘,——,"#295 #扁电缆 #-
()
#数量6；
 
",,,,,,,0,,,,,,,待退回,一类整外,,,待退回,,,,,——,电气一类整外,待定责,待定责,,,无需追偿,无需追偿,,,非基板,实物待退回,,,2026-01-16,,,安装,,,是,6,,孙琦,,,不需要,,,,
MAZ26-0073,EOOA41041,A2A100135,宁波分公司,浙江中奥电梯有限公司,门机电动机  故障：开门开2公分，电梯死机，更换后正常。,131,门机马达,非基板,YX401C566-02,1,,,,,ME25M-1062,2025/9/20,2026-01-12,,张琛林,,,,—,,,,,,待退回调查,损件,机械,C11,非整外,稻电,,,,,,,,Z06,123,,待定责,,j27p58I9Ny,,,SF3267268338859,,,,A2A100135,"#131 #门机马达 #YX401C566-02
()
#数量1；
 
",朱俊璘,——,"#131 #门机马达 #YX401C566-02
()
#数量1；
 
",,,,,,,0,,,,,-,,待退回,非整外,,,待退回,,,,,——,机械非整外,待定责,待定责,,,无需追偿,无需追偿,,,非基板,实物待退回,,,2026-01-16,2026-01-19,,安装,,A2A100135,是,1,,乐善毅,,,不需要,,,,
MAZ26-0072,"EOOK43156
EOOK43160
EOOK44206
EOOK44195",,浙江分公司,浙江三花智源房地产有限公司,四台电梯发到现场的牛腿尺寸不够，现场发到的是60X80X130，所需的是60X90（或100最好）X130的牛腿,191,钢牛腿,,SE100C752-06,312,,,,,ME25M-1964,2025/11/22,2026-01-12,,张琛林,,,,—,,,,,,土建问题,错件,机械,T16,一类整外,宁波鸿腾,,,,,,,,Z06,124,,待定责,F0101误报-退回,5SVzqC0jTu,,,,,,,,,朱俊璘,——,"#191 #钢牛腿 #SE100C752-06
()
#数量312；
 
",,,,,,,0,,,,,-,,待退回,一类整外,,,待退回,,,,,——,机械一类整外,待定责,待定责,,,无需追偿,无需追偿,,,非基板,实物待退回,,,2026-01-16,2026-01-19,,安装,,,是,312,,朱诚,,,不需要,,,,
MBY26-0085,-,,佛山分公司,佛山市第二人民医院,佛山市第二人民医院，共107台电梯。目前在办理移交，院方提出很多台电梯厅门都出现脱胶造成厅门剐蹭，要求我司更换该厅门，详情见附件。,375,驱动门,非基板,-,,,,,,-,2023/5/19,2026-01-13,,高卫锋,,,-,—,,,,,,退回,损件,装潢,C14,内做,MESE,,,,,,,,Z06,125,,待定责,,W9ViUxDQ1q,,,,,,,,,朱俊璘,——,"#375 #驱动门 #-
()
#数量；
 
",,,,,,,0,,,,,-,,待退回,内做,,,待退回,,,,,——,装潢内做,待定责,待定责,,,无需追偿,无需追偿,,,非基板,实物待退回,,,2026-01-16,2026-01-19,,保养,,,是,0,,乐善毅,,,不需要,,,,
MAZ26-0094,EOOD52106,A2A100160,浙江分公司,绍兴市通立电梯销售有限公司,10号梯在绍兴特检院做125试验时安全钳刹坏,125,安全钳,非基板,-,,,,,,ME25M-1373,2025/9/1,2026-01-13,,张琛林,,,,—,,,,,,安全钳对心调整偏差，导致安全钳动作时可动楔块未能全部夹到导轨，动作时产生扭力导致损坏。,损件,机械,C08,内做,MESE,,,,,,,,Z06,126,,S 工程部・技术品质科（现场）,A0201安装差错,f5glHUbQl3,,,,,,,A2A100160,"#125 #安全钳 #-
()
#数量；
 
",朱俊璘,——,"#125 #安全钳 #-
()
#数量；
 
",,,,,,,0,,,,,工地责任,,现场责任,内做,,,现场责任,,,,,——,机械内做,现场责任,现场责任,,,需要追偿,无需追偿,,安装保管,非基板,,,,2026-01-16,2026-01-19,,安装,,,是,0,,"龚金,孙小泉",,,不需要,,,,
MBY26-0077,EONS86083,A2A100161,深圳分公司,深圳市华通电梯实业有限公司,电梯运行正常，轿顶的风扇运转中内部震动大不是没固定，轿厢内客户投诉要求更换,321,轿顶风扇,非基板,NA240C536 G03,1,,,,,GX25M-A287,2025/5/13,2026-01-12,,高卫锋,,,,—,,,,,,,损件,装潢,C26,非整外,,,,,,,,,Z06,127,,待定责,,PPcQndn2HX,,,SF3267268336648,,,,A2A100161,"#321 #轿顶风扇 #NA240C536 G03
()
#数量1；
 
",朱俊璘,——,"#321 #轿顶风扇 #NA240C536 G03
()
#数量1；
 
",,,,,,,0,,,,,,,待退回,非整外,,,待退回,,,,,——,装潢非整外,待定责,待定责,,,无需追偿,无需追偿,,,非基板,实物待退回,,,2026-01-16,,,保养,,A2A100161,是,1,,"王佳,龚金,孙小泉",,,不需要,,,,
MBY26-0080,EOJV52073,A2A100162,苏州分公司,苏州鑫渊远建筑工程有限公司,开关门异常，门机抖动，经现场检查怀疑门机故障，更换后恢复。申请给予三包处理。,131,马达组件,非基板,NA171B911 G03,1,,,,,ME23M-3297,2023/12/31,2026-01-13,,张琛林,,,,—,,,,,,待退回调查,损件,机械,C11,非整外,海安申菱,,,,,,,,Z06,128,,待定责,,8g6d87vKrJ,,,SF5101101858261,,,,A2A100162,"#131 #马达组件 #NA171B911 G03
()
#数量1；
 
",朱俊璘,——,"#131 #马达组件 #NA171B911 G03
()
#数量1；
 
",,,,,,,0,,,,,-,,待退回,非整外,,,待退回,,,,,——,机械非整外,待定责,待定责,,,无需追偿,无需追偿,,,非基板,实物待退回,,,2026-01-16,2026-01-19,,保养,,A2A100162,是,1,,乐善毅,,,不需要,,,,
MAZ26-0099,EOOW22125,A2A100163,北京分公司,北京中豪机电设备工程有限公司,电梯开关门正常，开关门有异响，更换门电机后，电梯正常,131,马达组件,非基板,NA171B911 G03,1,,,,,GX25M-B523,2025/11/19,2026-01-14,,张琛林,,,,—,,,,,,待退回调查,损件,机械,C11,非整外,海安申菱,,,,,,,,Z06,129,,待定责,,Ycu6L3NboK,,,SF5101101859972,,,,A2A100163,"#131 #马达组件 #NA171B911 G03
()
#数量1；
 
",朱俊璘,——,"#131 #马达组件 #NA171B911 G03
()
#数量1；
 
",,,,,,,0,,,,,-,,待退回,非整外,,,待退回,,,,,——,机械非整外,待定责,待定责,,,无需追偿,无需追偿,,,非基板,实物待退回,,,2026-01-16,2026-01-19,,安装,,A2A100163,是,1,,乐善毅,,,不需要,,,,
MAZ26-0100,"EOGZ63045
EOGZ42023",A2A100164,金华分公司,中国建筑一局（集团）有限公司,光幕不起作用，更换后正常,141,光幕,非基板,NA144A489 G41,2,,,,NA144A489 G41,ME23M-2808,2024/1/8,2026-01-14,,张琛林,,,,—,,,,,,待退回调查,损件,机械,C13,二类整外,,,,,,,,NA144A489G41,Z06,130,R99B6,待定责,,6LJlSI9Dgu,,,SF5103856785815,,,,A2A100164,"#141 #光幕 #NA144A489 G41
()
#数量2；
 
",朱俊璘,——,"#141 #光幕 #NA144A489 G41
()
#数量2；
 
",,,,,,,0,,,,,-,,待退回,二类整外,,,待退回,,,,,——,机械二类整外,待定责,待定责,,,无需追偿,无需追偿,,,非基板,实物待退回,,,2026-01-16,2026-01-19,,安装,,A2A100164,是,2,,瞿玉玲,,,不需要,,,,
MAZ26-0095,EOOW56064,,上海分公司,上海金地物业服务有限公司,1月13日中午货到现场，两台电梯直梁T06-001装箱为开放捆扎件。接货人检查8号电梯直梁内有附件（货到缺小零件标识图）箭头指向的安装板，螺母，斜垫片，平垫，弹簧垫等小零件。而6号电梯直梁内没有相关小零件。特别提出三包咨询，如工厂认可缺发，请补发相关小零件，无法详细描述数量和内容请谅解，感谢支持。（改造更新项目接近年底，15日开始安装,121,立柱,,-,,,,,,GX25M-B557,2025/12/5,2026-01-13,,张琛林,,,,—,,,,,,出货照片有对应产品,缺件,机械,T06,一类整外,宣城,,,,,,,,Z06,131,,待定责,F0101误报-退回,d01OyVU1bt,,,,,,,,,朱俊璘,——,"#121 #立柱 #-
()
#数量；
 
",,,,,,,0,,,,,-,,待定责,一类整外,,,待定责,,,,,——,机械一类整外,待定责,待定责,,,无需追偿,无需追偿,,,非基板,缺件无需退回,,,2026-01-16,2026-01-19,,安装,,,是,0,,"龚金,孙小泉",,,不需要,,,,
MAZ26-0097,EOGT60010,,佛山分公司,广州市永恒电梯有限公司,该台电梯现在客户需要报特检院验收，要满足新检规验收要求，请领导给与支持，需要怎么处理，申请三包处理，谢谢！（备注：分公司责任承担费用，现场因客户要求急需报开工，验收等手续，能否先提供配置说明、安全钳和限速器调试合格证证书资料，谢谢！）,130,合格证,,-,,,,,,ME23M-2591,2023/10/31,2026-01-14,,陈泽峰,,,,—,,,,,,,其他,机械,C08,内做,MESE,,,,,,,,Z06,132,,待定责,,xIDaLPKZK0,,,,,,,,,朱俊璘,——,"#130 #合格证 #-
()
#数量；
 
",,,,,,,0,,,,,,,待退回,内做,,,待退回,,,,,——,机械内做,待定责,待定责,,,无需追偿,无需追偿,,,非基板,实物待退回,,,2026-01-16,,,安装,,,是,0,,王佳,,,不需要,,,,
MAZ26-0090,EOOJ02014,,辽宁分公司,沈阳永安电梯有限公司,该轿顶装饰面存在瑕疵缺陷，有明显褶皱痕迹。,321,轿顶,非基板,-,,,,,,ME25M-1823,2025/11/1,2026-01-13,,高卫锋,,,,—,,,,,,,损件,装潢,C26,一类整外,江苏聚力,,,,,,,,Z06,133,,待定责,,osarnVLcnY,,,,,,,,,朱俊璘,——,"#321 #轿顶 #-
()
#数量；
 
",,,,,,,0,,,,,,,待退回,一类整外,,,待退回,,,,,——,装潢一类整外,待定责,待定责,,,无需追偿,无需追偿,,,非基板,实物待退回,,,2026-01-16,,,安装,,,是,0,,"王佳,龚金,孙小泉",,,不需要,,,,
MAZ26-0090,EOOJ02014,,辽宁分公司,沈阳永安电梯有限公司,该轿顶装饰面存在瑕疵缺陷，有明显褶皱痕迹。,321,轿顶,非基板,-,,,,,,ME25M-1823,2025/11/1,2026-01-13,,高卫锋,,,,—,,,,,,,损件,装潢,C26,一类整外,江苏聚力,,,,,,,,Z06,134,,待定责,,qkQIwP1gS6,,,,,,,,,朱俊璘,——,"#321 #轿顶 #-
()
#数量；
 
",,,,,,,0,,,,,,,待退回,一类整外,,,待退回,,,,,——,装潢一类整外,待定责,待定责,,,无需追偿,无需追偿,,,非基板,实物待退回,,,2026-01-16,,,安装,,,是,0,,"王佳,龚金,孙小泉",,,不需要,,,,
MAZ26-0102,EOOR55093,A2A100165,广东分公司,广州市永恒电梯有限公司,现场开箱安装发现，缺少一个导轨支撑件，请总部帮忙核查并同意三包，谢谢！,103,导轨支撑件,,NA181D410-01,1,,,,,GX25M-B056,2025/10/16,2026-01-14,,张琛林,,,,—,,,,,,厂家出货照片中有该产品,缺件,机械,C07,二类整外,宁波鸿腾,,,,,,,,Z06,135,,S 工程部・技术品质科（现场）,A0201安装差错,5nYgaZF3HO,,,,,,,A2A100165,"#103 #导轨支撑件 #NA181D410-01
()
#数量1；
 
",朱俊璘,——,"#103 #导轨支撑件 #NA181D410-01
()
#数量1；
 
",,,,,,,0,,,,,工地责任,,现场责任,二类整外,,,现场责任,,,,,——,机械二类整外,现场责任,现场责任,,,需要追偿,无需追偿,,安装保管,非基板,缺件无需退回,,,2026-01-16,2026-01-19,,安装,,,是,1,,吴麟龙,,,需要,,,,
MBY26-0110,EOLI75215,A2A100166,深圳分公司,深圳市中佳杰实业有限公司,电梯运行正常，五方通话应急灯不起作用，经查是蓄电池电压不足存不了电，更换蓄电池后正常,210,蓄电池,非基板,SE200C019-03,4,,,,,ME24M-0466,2024/4/14,2026-01-14,,陈浦放,,,,—,,,,,,,损件,电气,C15,二类整外,吉电,,,,,,,,Z06,136,,待定责,A0203损件退回,H8obc0zH9Q,,,,,,,A2A100166,"#210 #蓄电池 #SE200C019-03
()
#数量4；
 
",朱俊璘,——,"#210 #蓄电池 #SE200C019-03
()
#数量4；
 
",,,,,,,0,,,,,,,待退回,二类整外,,,待退回,,,,,——,电气二类整外,待定责,待定责,,,无需追偿,无需追偿,,,非基板,实物待退回,,,2026-01-16,,,保养,,,是,4,,瞿玉玲,,,不需要,,,,
MBY26-0105,EOFL01260,A2A100167,佛山分公司,佛山市第二人民医院,机房检修盒慢车下行无效,203,紧急电动运行装置,非基板,NX202B059 G02,1,,,,,ME23M-0322,2023/5/19,2026-01-14,,陈浦放,,,,—,,,,,,,损件,电气,C05,非整外,菱川,,,,,,,,Z06,137,,待定责,A0203损件退回,nz6IkvYLWB,,,,,,,A2A100167,"#203 #紧急电动运行装置 #NX202B059 G02
()
#数量1；
 
",朱俊璘,——,"#203 #紧急电动运行装置 #NX202B059 G02
()
#数量1；
 
",,,,,,,0,,,,,,,待退回,非整外,,,待退回,,,,,——,电气非整外,待定责,待定责,,,无需追偿,无需追偿,,,非基板,实物待退回,,,2026-01-16,,,保养,,,是,1,,钟立,,,不需要,,,,
MBY26-0101,EOGY92076,A2A100172,上海分公司,上海真承物业管理有限公司,轿顶站点检运行装置（图号NX202B060G06)慢车上行电梯不运行，下行正常。更换同型号装置，电梯慢车上下行均正常。,231,轿顶站点检运行装置,非基板,NX202B060 G06,1,,,,,GX23M-B133,2023/12/1,2026-01-14,,肖小,,,,—,,,,,,,损件,电气,C15,非整外,菱川,,,,,,,,Z06,138,,待定责,A0203损件退回,Rg172ukVqq,,,,,,,A2A100172,"#231 #轿顶站点检运行装置 #NX202B060 G06
()
#数量1；
 
",朱俊璘,——,"#231 #轿顶站点检运行装置 #NX202B060 G06
()
#数量1；
 
",,,,,,,0,,,,,,,待退回,非整外,,,待退回,,,,,——,电气非整外,待定责,待定责,,,无需追偿,无需追偿,,,非基板,实物待退回,,,2026-01-16,,,保养,,,是,1,,虞慧静,,,不需要,,,,
MAZ26-0117,MOMR99102,A2A100173,上海分公司,上海金桥（集团）有限公司,10号电梯轿内副操纵箱液晶显示黑屏，现场更换同一型号轿内显示屏，故障排除，需申请三包。,235,15英寸天马液晶屏,非基板,SE302C079-01,1,,,,SE302C079-01,ME24M-2900,2024/11/29,2026-01-14,,肖小,,,,—,,,,,,,损件,电气,C13,非整外,永靖,,,,,,,,Z06,139,,待定责,A0203损件退回,HWufvcOyr0,,,SF3267923619313,,,,A2A100173,"#235 #15英寸天马液晶屏 #SE302C079-01
()
#数量1；
 
",朱俊璘,——,"#235 #15英寸天马液晶屏 #SE302C079-01
()
#数量1；
 
",,,,,,,0,,,,,,,待退回,非整外,,,待退回,,,,,——,电气非整外,待定责,待定责,,,无需追偿,无需追偿,,,非基板,实物待退回,,,2026-01-16,,,安装,,A2A100173,是,1,,"瞿玉玲,虞慧静",,,不需要,,,,
MBY26-0119,MOME37113,A2A100174,深圳分公司,深圳市鼎宏投资发展有限公司,电梯不能正常开关门，经查是光幕故障，更换光幕后正常,141,光幕,非基板,NA081A363 G62 L05,1,,,,,ME24M-1738,2024/10/24,2026-01-15,,张琛林,,,,—,,,,,,待退回调查,损件,机械,C13,二类整外,,,,,,,,,Z06,140,,待定责,,eGYhPJ2PlH,,,,,,,A2A100174,"#141 #光幕 #NA081A363 G62 L05
()
#数量1；
 
",朱俊璘,——,"#141 #光幕 #NA081A363 G62 L05
()
#数量1；
 
",,,,,,,0,,,,,-,,待退回,二类整外,,,待退回,,,,,——,机械二类整外,待定责,待定责,,,无需追偿,无需追偿,,,非基板,实物待退回,,,2026-01-16,2026-01-19,,保养,,,是,1,,瞿玉玲,,,不需要,,,,
MBY25-4312,"240EX10-388
240EX10-389",A2A100175,广东分公司,广州市安装集团有限公司,主机抱闸开关故障需要三包开关4个，麻烦总部协助，谢谢。责任部门:上海恒翔电梯工程有限公司,101,抱闸开关,,SE100C431 G01,2,,,,SE100C431 G01,"240EX10-388
240EX10-389",2024/10/21,2026-12-26,,袁亦晨,,,,—,,,,,,,损件,机械,C01,非整外,,,,,,,,SE100C431G01,Z06,141,F99E5,待定责,,OLFXJjs9P2,,,,,,,A2A100175,"#101 #抱闸开关 #SE100C431 G01
()
#数量2；
 
",朱俊璘,——,"#101 #抱闸开关 #SE100C431 G01
()
#数量2；
 
",,,,,,,0,,,,,,,待退回,非整外,,,待退回,,,,,——,机械非整外,待定责,待定责,,,无需追偿,无需追偿,,,非基板,实物待退回,,,2026-01-16,,,保养,,,是,2,,"朱正军,张正军",,,不需要,,,,
MAZ26-0120,MONL03086,,江苏分公司,江苏东石机电工程有限公司,挂线架没配轴销，缺轴销3个，尼龙套管3个。,128,"开口销
轴环
轴",,"X215A0003-30
 NA040D800-01
 NA040D799-01",9,,,,,ME25M-0104,2025/5/20,2026-01-15,,张琛林,,,,1000104,,,,,,厂家汇总错误,缺件,机械,T17,一类整外,江苏聚力,,,,,,,,Z06,142,,L 制造部・资材科（外协）,A0411错件（汇总）,NiVxGdMfWi,,,,,,,,,朱俊璘,——,"#128 #开口销
轴环
轴 #X215A0003-30
 NA040D800-01
 NA040D799-01
()
#数量9；
 
",,,,,,,0,,,,,江苏聚力智能机械股份有限公司,,非现场责任,一类整外,,,外协责任一类整外,,,,,外协制造,机械一类整外,非现场责任,外协责任,,,需要追偿,无需追偿,,外协制造,非基板,缺件无需退回,,,2026-01-16,2026-01-19,,安装,,,是,9,,朱诚,,,不需要,,,,
MAZ26-0116,EONV22145,,淄博分公司,淄博鲁菱电梯工程有限公司,"现场收到次顶部导轨4根长度均为2500mm，但图纸要求为3200mm,导致电梯无法正常安装。因现场未收到电梯随机资料，无法核实装箱清单情况，望领导帮忙核实确认。现申请导轨三包，望领导批准！",182,主、副导轨,,SE100B148-06,4,,,,,ME25L-0023,2026/1/8,2026-01-14,,张琛林,,,,1000106,,,,,,厂家汇总错误,错件,机械,C10,一类整外,长江润发,,,,,,,,Z06,143,,L 制造部・资材科（外协）,A0411错件（汇总）,swko9LWNTW,,,,,,,,,朱俊璘,——,"#182 #主、副导轨 #SE100B148-06
()
#数量4；
 
",,,,,,,0,,,,,长江润发（张家港）机械有限公司,,非现场责任,一类整外,,,外协责任一类整外,,,,,外协制造,机械一类整外,非现场责任,外协责任,,,需要追偿,无需追偿,,外协制造,非基板,,,,2026-01-16,2026-01-19,,安装,,,是,4,,朱诚,,,不需要,,,,
MBY26-0092,MOJW04113,A2A100176,深圳分公司,深圳市城建产业园发展有限公司,现场电梯轿厢上部滚轮脱胶，详见附件，需更换该滚轮。直径26cm,126,轿厢导靴滚轮,非基板,"NA007B247 G01
N220C3314",2,,,,,ME23M-3349,2024/4/19,2026-01-13,,张琛林,,,,—,,,,,,待退回调查240118,损件,机械,C08,非整外,宁波申菱,,,,,,,,Z06,144,,待定责,,pzWKYo8dQq,,,,,,,A2A100176,"#126 #轿厢导靴滚轮 #NA007B247 G01
N220C3314
()
#数量2；
 
",朱俊璘,——,"#126 #轿厢导靴滚轮 #NA007B247 G01
N220C3314
()
#数量2；
 
",,,,,,,0,,,,,-,,待退回,非整外,,,待退回,,,,,——,机械非整外,待定责,待定责,,,无需追偿,无需追偿,,,非基板,实物待退回,,,2026-01-16,2026-01-19,,保养,,,是,2,,乐善毅,,,不需要,,,,
MBY26-0122,EOLS61031,A2A100177,深圳分公司,深圳市华通电梯实业有限公司,电梯运行中急停，报故障A43.832，经查是平层感应器故障，更换后正常,226,平层感应器,非基板,SE201C280-01,1,,,,,ME24M-0662,2024/7/1,2026-01-15,,陈浦放,,,,—,,,,,,,损件,电气,C15,二类整外,南通圣泰,,,,,,,,Z06,145,,待定责,A0203损件退回,TxSHig5fCC,,,SF5101127000456,,,,A2A100177,"#226 #平层感应器 #SE201C280-01
()
#数量1；
 
",朱俊璘,——,"#226 #平层感应器 #SE201C280-01
()
#数量1；
 
",,,,,,,0,,,,,,,待退回,二类整外,,,待退回,,,,,——,电气二类整外,待定责,待定责,,,无需追偿,无需追偿,,,非基板,实物待退回,,,2026-01-16,,,保养,,A2A100177,是,1,,,,,不需要,,,,
SBN455354,SBN455354,,深圳分公司,深圳市百年春投资发展有限公司,"电梯运行正常，轿厢4楼按钮不起作用，经查是按钮故障，更换按钮后正常
MBY26-0047",235,4楼按钮,非基板,SE302B198 G01 L83,1,,,,,SBN455354,2025/1/15,2026-01-15,,肖小,,,,—,,,,,,,损件,电气,C13,非整外,宁波电子,,,,,,,,Z06,146,,待定责,A0203损件退回,7H5J6Xpa0J,,,,,,,,,朱俊璘,——,"#235 #4楼按钮 #SE302B198 G01 L83
()
#数量1；
 
",,,,,,,0,,,,,,,待退回,非整外,,,待退回,,,,,——,电气非整外,待定责,待定责,,,无需追偿,无需追偿,,,非基板,实物待退回,,,2026-01-16,,,其他,,,是,1,,"瞿玉玲,虞慧静",,,不需要,,,,
MAZ26-0108,EXWI72012,A2A100181,惠州分公司,广东益菱电梯工程有限公司,缺ETP操作屏的HPA、HPB、TA三个插件到控制柜的连接电缆,295,R31机器接线配置图E PT.56,,NE315C104 G460,2,,,,,ME25M-2238,2025/12/12,2026-01-14,,肖小,,,,—,,,,,,厂家提供装箱照片未缺,缺件,电气,T22,一类整外,长顺,,,,,,,,Z06,147,,S 工程部・技术品质科（现场）,A0201安装差错,IrLndE08SC,,,,,,,A2A100181,"#295 #R31机器接线配置图E PT.56 #NE315C104 G460
()
#数量2；
 
",朱俊璘,——,"#295 #R31机器接线配置图E PT.56 #NE315C104 G460
()
#数量2；
 
",,,,,,,0,,,,,现场责任,,现场责任,一类整外,,,现场责任,,,,,——,电气一类整外,现场责任,现场责任,,,需要追偿,无需追偿,,安装保管,非基板,缺件无需退回,,,2026-01-16,2026-01-19,,安装,,,是,2,,孙琦,,,需要,,,,
MAZ26-0064,EOCV90366,A2A100180,厦门分公司,厦门御宾物业服务有限公司,安装队反馈：中间层外招，缺少一套。20MAX10-RZQ实际发货日期2025-12-1。,366,层站位置显示器,,"SE304A109 G02
SE304A108 G02",2,,,,,GX21M-B292,2021/12/28,2026-01-12,,肖小,,,,—,,,,,,申菱装饰CQS件 同MAZ26-0034,缺件,装潢,C15,内做,MESE,,,,,,,,Z06,148,,待定责,,VEtLXtjADa,,,,,,,A2A100180,"#366 #层站位置显示器 #SE304A109 G02
SE304A108 G02
()
#数量2；
 
",朱俊璘,——,"#366 #层站位置显示器 #SE304A109 G02
SE304A108 G02
()
#数量2；
 
",,,,,,,0,,,,,,,待定责,内做,,,待定责,,,,,——,装潢内做,待定责,待定责,,,无需追偿,无需追偿,,,非基板,缺件无需退回,,,2026-01-16,,,安装,,,是,2,,瞿玉玲,,,不需要,,,,
MAZ26-0084,"EOOT18023
EOOT20031",A2A100184,深圳分公司,深圳华业物业管理有限公司,轿厢拼装后发现固定轿厢镜子的孔位不一致，无法固定。请核实是否错发轿壁，谢谢,321,"正面左壁 
正面右壁
正面中央壁",,SE905A472 G11 L95,3,,,,,GX25M-B226,2025/11/1,2026-01-13,,高卫锋,,,是,—,,,,,,"1.作图错误，未区分L番；
2.未按图纸和BOM信息要求的数量打POP螺母",错件,装潢,C13,内做,MESE,,,,,,,,Z06,149,,K 制造部・钣金科,A0401制造差错；制造NG,5FnUJUbf5E,,,,,,,A2A100184,"#321 #正面左壁 
正面右壁
正面中央壁 #SE905A472 G11 L95
()
#数量3；
 
",朱俊璘,——,"#321 #正面左壁 
正面右壁
正面中央壁 #SE905A472 G11 L95
()
#数量3；
 
",,,,,,,0,,,,,MESE钣金科,,非现场责任,内做,,,MESE内部责任,,,,,厂内制造,装潢内做,非现场责任,MESE内部责任,,,无需追偿,无需追偿,,厂内制造,非基板,,,,2026-01-16,2026-01-19,,安装,,,是,3,,"王佳,龚金,孙小泉",,,不需要,,,,
MAZ26-0103,EOOU40136,A2A100183,深圳分公司,深圳顺邦物业集团有限公司春华四季园,现场开箱清电缺少导轨支撑架，申请补发,184,主轨支撑架,,"SE101A005 G02
SE101A005 G04",2,,,,,GX25M-B341,2025/11/9,2026-01-14,,张琛林,,,,—,,,,,,,缺件,机械,T17,一类整外,宁波鸿腾,,,,,,,,Z06,150,,待定责,,fo1KgsFgEj,,,,,,,A2A100183,"#184 #主轨支撑架 #SE101A005 G02
SE101A005 G04
()
#数量2；
 
",朱俊璘,——,"#184 #主轨支撑架 #SE101A005 G02
SE101A005 G04
()
#数量2；
 
",,,,,,,0,,,,,,,待定责,一类整外,,,待定责,,,,,——,机械一类整外,待定责,待定责,,,无需追偿,无需追偿,,,非基板,缺件无需退回,,,2026-01-16,,,安装,,,是,2,,朱诚,,,不需要,,,,
MBY26-0126,"MOLT87164
MOLV22032",A2A100185,深圳分公司,深圳市嘉创投资有限公司,电梯运行中轿厢抖动，导靴滚轮脱胶，滚轮直径26cm，不是整个导靴。,126,轿厢导靴滚轮,非基板,"NA007B247 G01
 N220C3314",12,,,,,ME24M-0788,2024/6/18,2026-01-15,,张琛林,,,,—,,,,,,待退回调查240825,损件,机械,C08,非整外,宁波申菱,,,,,,,,Z06,151,,待定责,,lp72ddPs1L,,,,,,,A2A100185,"#126 #轿厢导靴滚轮 #NA007B247 G01
 N220C3314
()
#数量12；
 
, #999 #轿厢导靴滚轮 #NA007B247 G01
 N220C3314
()
#数量12；
 
, #999 #轿厢导靴滚轮 #NA007B247 G01
 N220C3314
()
#数量12；
 
, #999 #轿厢导靴滚轮 #NA007B247 G01
 N220C3314
()
#数量12；
 
, #999 #轿厢导靴滚轮 #NA007B247 G01
 N220C3314
()
#数量12；
 
, #999 #轿厢导靴滚轮 #NA007B247 G01
 N220C3314
()
#数量12；
 
, #999 #轿厢导靴滚轮 #NA007B247 G01
 N220C3314
()
#数量12；
 
",朱俊璘,——,"#126 #轿厢导靴滚轮 #NA007B247 G01
 N220C3314
()
#数量12；
 
",,,,,,,0,,,,,-,,待退回,非整外,,,待退回,,,,,——,机械非整外,待定责,待定责,,,无需追偿,无需追偿,,,非基板,实物待退回,,,2026-01-16,2026-01-19,,保养,,,是,12,,乐善毅,,,不需要,,,,
MBY26-0123,"MOLT87164
MOLV22032",A2A100185,深圳分公司,深圳市嘉创投资有限公司,电梯运行中轿厢抖动，导靴滚轮脱胶，滚轮直径26cm，不是整个导靴。,999,轿厢导靴滚轮,非基板,"NA007B247 G01
 N220C3314",12,,,,,ME24M-0788,2024/6/18,2026-01-15,,许健,,,,—,,,,,,待退回调查240825,损件,未知,C08,非整外,宁波申菱,,,,,,,,Z06,166,,M 制造部・制造协调科（XTL),,xVjV0tBB0a,,,,,,,A2A100185,"#126 #轿厢导靴滚轮 #NA007B247 G01
 N220C3314
()
#数量12；
 
, #999 #轿厢导靴滚轮 #NA007B247 G01
 N220C3314
()
#数量12；
 
, #999 #轿厢导靴滚轮 #NA007B247 G01
 N220C3314
()
#数量12；
 
, #999 #轿厢导靴滚轮 #NA007B247 G01
 N220C3314
()
#数量12；
 
, #999 #轿厢导靴滚轮 #NA007B247 G01
 N220C3314
()
#数量12；
 
, #999 #轿厢导靴滚轮 #NA007B247 G01
 N220C3314
()
#数量12；
 
, #999 #轿厢导靴滚轮 #NA007B247 G01
 N220C3314
()
#数量12；
 
",许健,——,"#999 #轿厢导靴滚轮 #NA007B247 G01
 N220C3314
()
#数量12；
 
",,,,,,,0,,,,,MESE制造协调科（XTL）,,非现场责任,非整外,,,MESE内部责任,,,,,外协制造,未知非整外,非现场责任,MESE内部责任,,,需要追偿,无需追偿,,出货装箱,非基板,,,,2026-01-20,2026-01-21,,保养,,,是,12,,许健,,https://applink.dingtalk.com/approval/detail?corpId=dingb7e3f87721002af435c2f4657eb6378f&instanceId=1Nb3UvHiQsK0Uo2TovyISg06391768916948,需要,,202601202149000082131,是,
MBY26-0124,"MOLT87164
MOLV22032",A2A100185,深圳分公司,深圳市嘉创投资有限公司,电梯运行中轿厢抖动，导靴滚轮脱胶，滚轮直径26cm，不是整个导靴。,999,轿厢导靴滚轮,非基板,"NA007B247 G01
 N220C3314",12,,,,,ME24M-0788,2024/6/18,2026-01-15,,许健,,,,1000067,,,,,,待退回调查240825,损件,未知,C08,一类整外,宁波申菱,,,,,,,,Z06,169,,L 制造部・资材科（外协）,,2aYYYiO4fL,,,,,,,A2A100185,"#126 #轿厢导靴滚轮 #NA007B247 G01
 N220C3314
()
#数量12；
 
, #999 #轿厢导靴滚轮 #NA007B247 G01
 N220C3314
()
#数量12；
 
, #999 #轿厢导靴滚轮 #NA007B247 G01
 N220C3314
()
#数量12；
 
, #999 #轿厢导靴滚轮 #NA007B247 G01
 N220C3314
()
#数量12；
 
, #999 #轿厢导靴滚轮 #NA007B247 G01
 N220C3314
()
#数量12；
 
, #999 #轿厢导靴滚轮 #NA007B247 G01
 N220C3314
()
#数量12；
 
, #999 #轿厢导靴滚轮 #NA007B247 G01
 N220C3314
()
#数量12；
 
",许健,——,"#999 #轿厢导靴滚轮 #NA007B247 G01
 N220C3314
()
#数量12；
 
",,,,,,,0,,,,,菱华电机贸易(上海)有限公司,,非现场责任,一类整外,,,外协责任一类整外,,,,,外协制造,未知一类整外,非现场责任,外协责任,,,需要追偿,无需追偿,,外协制造,非基板,,,,2026-01-20,2026-01-21,,保养,,,是,12,,许健,0.00,https://applink.dingtalk.com/approval/detail?corpId=dingb7e3f87721002af435c2f4657eb6378f&instanceId=OSyHzDyMR1uzxSR4_yuJ4A06391768926165,需要,-,202601210022000453960,是,决定价格
MBY26-0125,"MOLT87164
MOLV22032",A2A100185,深圳分公司,深圳市嘉创投资有限公司,电梯运行中轿厢抖动，导靴滚轮脱胶，滚轮直径26cm，不是整个导靴。,999,轿厢导靴滚轮,非基板,"NA007B247 G01
 N220C3314",12,,,,,ME24M-0788,2024/6/18,2026-01-15,,许健,,,,,,,,,,待退回调查240825,损件,未知,C08,一类整外,宁波申菱,,,,,,,,Z06,168,,S 工程部・技术品质科（现场）,,ax5od1AwrP,,,,,,,A2A100185,"#126 #轿厢导靴滚轮 #NA007B247 G01
 N220C3314
()
#数量12；
 
, #999 #轿厢导靴滚轮 #NA007B247 G01
 N220C3314
()
#数量12；
 
, #999 #轿厢导靴滚轮 #NA007B247 G01
 N220C3314
()
#数量12；
 
, #999 #轿厢导靴滚轮 #NA007B247 G01
 N220C3314
()
#数量12；
 
, #999 #轿厢导靴滚轮 #NA007B247 G01
 N220C3314
()
#数量12；
 
, #999 #轿厢导靴滚轮 #NA007B247 G01
 N220C3314
()
#数量12；
 
, #999 #轿厢导靴滚轮 #NA007B247 G01
 N220C3314
()
#数量12；
 
",许健,——,"#999 #轿厢导靴滚轮 #NA007B247 G01
 N220C3314
()
#数量12；
 
",,,,,,,0,,,,,SMEC现场,,现场责任,一类整外,,,现场责任,,,,,——,未知一类整外,现场责任,现场责任,,,需要追偿,无需追偿,,安装保管,非基板,,,,2026-01-20,2026-01-21,,保养,,,是,12,,许健,10000.00,https://applink.dingtalk.com/approval/detail?corpId=dingb7e3f87721002af435c2f4657eb6378f&instanceId=9VL_EV01Qi6HJ5K0Tm5ocg06391768922822,需要,-,202601202327000024904,是,支付价格
MBY26-0126,"MOLT87164
MOLV22032",A2A100185,深圳分公司,深圳市嘉创投资有限公司,电梯运行中轿厢抖动，导靴滚轮脱胶，滚轮直径26cm，不是整个导靴。,999,轿厢导靴滚轮,非基板,"NA007B247 G01
 N220C3314",12,,,,,ME24M-0788,2024/6/18,2026-01-15,,许健,,,,—,,,,,,待退回调查240825,损件,未知,C08,整外,宁波申菱,,,,,,,,Z06,167,,S 工程部・技术品质科（现场）,,qFjq0ZGaz7,,,,,,,A2A100185,"#126 #轿厢导靴滚轮 #NA007B247 G01
 N220C3314
()
#数量12；
 
, #999 #轿厢导靴滚轮 #NA007B247 G01
 N220C3314
()
#数量12；
 
, #999 #轿厢导靴滚轮 #NA007B247 G01
 N220C3314
()
#数量12；
 
, #999 #轿厢导靴滚轮 #NA007B247 G01
 N220C3314
()
#数量12；
 
, #999 #轿厢导靴滚轮 #NA007B247 G01
 N220C3314
()
#数量12；
 
, #999 #轿厢导靴滚轮 #NA007B247 G01
 N220C3314
()
#数量12；
 
, #999 #轿厢导靴滚轮 #NA007B247 G01
 N220C3314
()
#数量12；
 
",许健,——,"#999 #轿厢导靴滚轮 #NA007B247 G01
 N220C3314
()
#数量12；
 
",,,,,,,0,,,,,工地责任,,现场责任,整外,,,现场责任,,,,,——,未知整外,现场责任,现场责任,,,需要追偿,无需追偿,,安装保管,非基板,,,,2026-01-20,2026-01-20,,保养,,,是,12,,许健,20.00,https://applink.dingtalk.com/approval/detail?corpId=dingb7e3f87721002af435c2f4657eb6378f&instanceId=ZS62e_XERLaZ-uRkNB1EZQ06391768921207,需要,-,202601202300000076679,是,决定价格
MBY26-0127,"MOLT87164
MOLV22032",,深圳分公司,深圳市嘉创投资有限公司,电梯运行中轿厢抖动，导靴滚轮脱胶，滚轮直径26cm，不是整个导靴。,999,轿厢导靴滚轮,非基板,"NA007B247 G01
 N220C3314",12,,,,,ME24M-0788,2024/6/18,2026-01-15,,许健,,,,,,,,,,待退回调查240825,损件,未知,C08,内做,宁波申菱,,,,,,,,Z06,170,,S 工程部・技术品质科（现场）,,UlK6QpfUcq,,,SF5129209592066,,,,A2A100182,"#999 #轿厢导靴滚轮 #NA007B247 G01
 N220C3314
()
#数量12；
 
",许健,——,"#999 #轿厢导靴滚轮 #NA007B247 G01
 N220C3314
()
#数量12；
 
",,,,,,,0,,,,,SMEC现场,,现场责任,非整外,,,现场责任,,,,,——,未知内做,现场责任,现场责任,,,需要追偿,无需追偿,,安装保管,非基板,,,,2026-01-20,2026-01-21,,保养,,A2A100182,是,12,,许健,,,不需要,,,是,
MBY26-0128,"MOLT87164
MOLV22032",A2A100185,深圳分公司,深圳市嘉创投资有限公司,电梯运行中轿厢抖动，导靴滚轮脱胶，滚轮直径26cm，不是整个导靴。,999,轿厢导靴滚轮,非基板,"NA007B247 G01
 N220C3314",12,,,,,ME24M-0788,2024/6/18,2026-01-15,,许健,,,,1001004,,,,,,待退回调查240825,损件,未知,C08,非整外,宁波申菱,,,,,,,,Z06,171,,L 制造部・资材科（外协）,,KsLbVVl4su,,,,,,,A2A100185,"#126 #轿厢导靴滚轮 #NA007B247 G01
 N220C3314
()
#数量12；
 
, #999 #轿厢导靴滚轮 #NA007B247 G01
 N220C3314
()
#数量12；
 
, #999 #轿厢导靴滚轮 #NA007B247 G01
 N220C3314
()
#数量12；
 
, #999 #轿厢导靴滚轮 #NA007B247 G01
 N220C3314
()
#数量12；
 
, #999 #轿厢导靴滚轮 #NA007B247 G01
 N220C3314
()
#数量12；
 
, #999 #轿厢导靴滚轮 #NA007B247 G01
 N220C3314
()
#数量12；
 
, #999 #轿厢导靴滚轮 #NA007B247 G01
 N220C3314
()
#数量12；
 
",许健,——,"#999 #轿厢导靴滚轮 #NA007B247 G01
 N220C3314
()
#数量12；
 
",,,,,,,0,,,,,奥朋斯贸易（上海）有限公司,,非现场责任,非整外,,,外协责任非整外,,,,,外协制造,未知非整外,非现场责任,外协责任,,,需要追偿,无需追偿,,外协制造,非基板,,,,2026-01-20,2026-01-20,,保养,,,是,12,,许健,333.00,https://applink.dingtalk.com/approval/detail?corpId=dingb7e3f87721002af435c2f4657eb6378f&instanceId=RA8Rpl-hTgejFD544DqAYg06391768921707,需要,-,202601202308000275210,是,临时价格
MBY26-0129,"MOLT87164
MOLV22032",A2A100185,深圳分公司,深圳市嘉创投资有限公司,电梯运行中轿厢抖动，导靴滚轮脱胶，滚轮直径26cm，不是整个导靴。,999,轿厢导靴滚轮,非基板,"NA007B247 G01
 N220C3314",12,,,,,ME24M-0788,2024/6/18,2026-01-15,,许健,,,,1000131,,,,,,待退回调查240825,损件,未知,C08,二类整外,宁波申菱,,,,,,,,Z06,172,,L 制造部・资材科（外协）,,cbYlYdWlr8,,,,,,,A2A100185,"#126 #轿厢导靴滚轮 #NA007B247 G01
 N220C3314
()
#数量12；
 
, #999 #轿厢导靴滚轮 #NA007B247 G01
 N220C3314
()
#数量12；
 
, #999 #轿厢导靴滚轮 #NA007B247 G01
 N220C3314
()
#数量12；
 
, #999 #轿厢导靴滚轮 #NA007B247 G01
 N220C3314
()
#数量12；
 
, #999 #轿厢导靴滚轮 #NA007B247 G01
 N220C3314
()
#数量12；
 
, #999 #轿厢导靴滚轮 #NA007B247 G01
 N220C3314
()
#数量12；
 
, #999 #轿厢导靴滚轮 #NA007B247 G01
 N220C3314
()
#数量12；
 
",许健,——,"#999 #轿厢导靴滚轮 #NA007B247 G01
 N220C3314
()
#数量12；
 
",,,,,,,0,,,,,苏州特不同商贸有限公司,,非现场责任,二类整外,,,外协责任二类整外,,,,,外协制造,未知二类整外,非现场责任,外协责任,,,需要追偿,无需追偿,,外协制造,非基板,,,,2026-01-20,2026-01-20,,保养,,,是,12,,许健,20.00,https://applink.dingtalk.com/approval/detail?corpId=dingb7e3f87721002af435c2f4657eb6378f&instanceId=1xyL0lqSTbOp72mPaGKFMQ06391768924689,需要,已完成,202601202358000096499,是,决定价格
MBY26-0130,"MOLT87164
MOLV22032",,深圳分公司,深圳市嘉创投资有限公司,电梯运行中轿厢抖动，导靴滚轮脱胶，滚轮直径26cm，不是整个导靴。,999,轿厢导靴滚轮,非基板,"NA007B247 G01
 N220C3314",12,,,,,ME24M-0788,2024/6/18,2026-01-15,,许健,,,,1000129,,,,,,待退回调查240825,损件,未知,C08,内做,宁波申菱,,,,,,,,Z06,173,,L 制造部・资材科（外协）,,N9KNpAGTRn,,,,,,,,,许健,——,"#999 #轿厢导靴滚轮 #NA007B247 G01
 N220C3314
()
#数量12；
 
",,,,,,,0,,,,,昆山维盛精密五金有限公司,,非现场责任,非整外,,,外协责任非整外,,,,,外协制造,未知内做,非现场责任,外协责任,,,需要追偿,无需追偿,,外协制造,非基板,,,,2026-01-20,2026-01-21,,保养,,,是,12,,许健,,https://applink.dingtalk.com/approval/detail?corpId=dingb7e3f87721002af435c2f4657eb6378f&instanceId=jqlfjRnaSAe7gMTqCqQ8AQ06391768926011,不需要,,202601210020000114462,是,
MBY26-0131,"MOLT87164
MOLV22032",1,深圳分公司,深圳市嘉创投资有限公司,电梯运行中轿厢抖动，导靴滚轮脱胶，滚轮直径26cm，不是整个导靴。,999,轿厢导靴滚轮,非基板,"NA007B247 G01
 N220C3314",12,,,,,ME24M-0788,2024/6/18,2026-01-15,,许健,,,,1000148,,,,,,待退回调查240825,损件,未知,C08,内做,宁波申菱,,,,,,,,Z06,174,,L 制造部・资材科（外协）,,tRclx0xnWz,,,,,,,1,"#999 #轿厢导靴滚轮 #NA007B247 G01
 N220C3314
()
#数量12；
 
",许健,——,"#999 #轿厢导靴滚轮 #NA007B247 G01
 N220C3314
()
#数量12；
 
",,,,,,,0,,,,,宁波申菱机电科技股份有限公司,,非现场责任,非整外,,,外协责任非整外,,,,,外协制造,未知内做,非现场责任,外协责任,,,需要追偿,无需追偿,,外协制造,非基板,,,,2026-01-20,2026-01-21,,保养,,,是,12,,许健,,https://applink.dingtalk.com/approval/detail?corpId=dingb7e3f87721002af435c2f4657eb6378f&instanceId=d_pUl-YkSKaZo2yDWVOmxw06391768926015,不需要,,202601210020000158277,是,
